date,total_expense,transactions_per_day,budget_utilization,category_count,baseline_cost,adventure_cost,material_purchases,experience_ratio,prob_camping,prob_dorm,prob_suite,prob_unpaid,approximate_time,total_num_transports,num_unique_transports,night_travel_ratio,hours_per_transit,activity_time,is_activity,is_tour,activity_count,novelty_flag,primary_transport_0,primary_transport_1,primary_transport_2,primary_transport_3,primary_transport_4,primary_transport_5,activity_type_0,activity_type_1,activity_type_2,activity_type_3,activity_type_4,activity_type_5
2024-07-01,0.9233622750582711,0.3076923076923077,0.7783333333333334,0.42857142857142855,0.9677888109552325,0.0,0.0,0.0,0.03629581973529097,0.9069291996507598,0.056774980613949144,0.0,0.9212415683211682,0.2,0.3333333333333333,0.0,0.2727272727272727,0.0,0.0,0.0,0.0,0.0,0.0,0.0,0.0,1.0,0.0,0.0,1.0,0.0,0.0,0.0,0.0,0.0
2024-07-02,0.9352914159003031,0.3076923076923077,1.024,0.5714285714285714,0.9526136986253136,0.9200784074660238,0.0,0.5263671875,0.009779300248795957,0.9763862183683895,0.013834481382814437,0.0,0.8853338676601061,0.4,0.6666666666666666,0.0,0.09090909090909091,0.6711877414712396,0.0,1.0,0.5,1.0,0.0,0.0,1.0,0.0,0.0,0.0,0.0,0.0,1.0,0.0,0.0,0.0
2024-07-03,0.905789418857813,0.46153846153846156,0.5425,0.5714285714285714,0.9489111247029951,0.7775898503322928,0.0,0.15145929339477726,0.02379629289435201,0.9337445221091075,0.04245918499654053,0.0,0.8853338676601061,0.2,0.3333333333333333,0.0,0.18181818181818182,0.0,0.0,0.0,0.0,0.0,0.0,0.0,0.0,0.0,1.0,0.0,1.0,0.0,0.0,0.0,0.0,0.0
2024-07-04,0.8969654689405653,0.3076923076923077,0.46016666666666667,0.2857142857142857,0.9606752962062846,0.0,0.0,0.0,0.02379629289435201,0.9337445221091075,0.04245918499654053,0.0,0.0,0.0,0.0,0.0,0.0,0.0,0.0,0.0,0.0,0.0,1.0,0.0,0.0,0.0,0.0,0.0,1.0,0.0,0.0,0.0,0.0,0.0
2024-07-05,0.8891747659934739,0.3076923076923077,0.40116666666666667,0.2857142857142857,0.9541156379563833,0.0,0.0,0.0,0.02379629289435201,0.9337445221091075,0.04245918499654053,0.0,0.0,0.0,0.0,0.0,0.0,0.0,0.0,0.0,0.0,0.0,1.0,0.0,0.0,0.0,0.0,0.0,1.0,0.0,0.0,0.0,0.0,0.0
2024-07-06,0.9249171117193854,0.5384615384615384,0.8055,0.42857142857142855,0.9706163618272652,0.0,0.0,0.0,0.01681097449131907,0.9542750318829565,0.028913993625724423,0.0,0.927495776966136,0.4,0.6666666666666666,0.0,0.14772727272727273,0.45815690999132624,0.0,1.0,0.5,1.0,0.0,0.0,0.0,1.0,0.0,0.0,0.0,0.0,0.0,0.0,0.0,1.0
2024-07-07,0.9220381871915415,0.5384615384615384,0.7561666666666668,0.7142857142857143,0.9589826404189078,0.8437391276100595,0.2,0.21732422305488205,0.033688638098169514,0.9327657915111909,0.033545570390639795,0.0,0.0,0.0,0.0,0.0,0.0,0.0,0.0,0.0,0.0,0.0,1.0,0.0,0.0,0.0,0.0,0.0,1.0,0.0,0.0,0.0,0.0,0.0
2024-07-08,0.955322498249484,0.38461538461538464,1.7326666666666666,0.5714285714285714,0.9349489258722476,0.960999911435033,0.0,0.8158907272027702,0.033688638098169514,0.9327657915111909,0.033545570390639795,0.0,0.8549376800872659,0.4,0.3333333333333333,0.0,0.06818181818181818,0.9163138199826525,0.0,1.0,0.5,1.0,0.0,0.0,0.0,0.0,1.0,0.0,0.0,0.0,1.0,0.0,0.0,0.0
2024-07-09,0.9201922015795971,0.8461538461538461,0.7266666666666667,0.8571428571428571,0.9654764832016365,0.0,0.6,0.0,0.033688638098169514,0.9327657915111909,0.033545570390639795,0.0,0.0,0.0,0.0,0.0,0.0,0.0,0.0,0.0,0.0,0.0,1.0,0.0,0.0,0.0,0.0,0.0,1.0,0.0,0.0,0.0,0.0,0.0
2024-07-10,0.9293009779451107,0.5384615384615384,0.8893333333333333,0.5714285714285714,0.919146900562603,0.7775898503322928,0.0,0.09239130434782608,0.0,0.0,0.0,1.0,0.9724709779659922,0.2,0.3333333333333333,1.0,0.5909090909090909,0.6711877414712396,0.0,1.0,0.5,1.0,0.0,0.0,0.0,1.0,0.0,0.0,0.0,0.0,0.0,0.0,0.0,1.0
2024-07-11,0.9224418785448311,0.46153846153846156,0.7628333333333334,0.5714285714285714,0.9706286988030508,0.0,0.0,0.0,0.009779300248795957,0.9763862183683895,0.013834481382814437,0.0,0.0,0.0,0.0,0.0,0.0,0.0,0.0,0.0,0.0,0.0,1.0,0.0,0.0,0.0,0.0,0.0,1.0,0.0,0.0,0.0,0.0,0.0
2024-07-12,0.9357603710882133,0.15384615384615385,1.0356666666666667,0.2857142857142857,0.7832742887870704,0.9473036670077313,0.0,0.9523656260057933,0.0,0.0,0.0,1.0,0.8549376800872659,0.2,0.3333333333333333,0.0,0.13636363636363635,0.9163138199826525,0.0,1.0,0.5,1.0,0.0,0.0,0.0,1.0,0.0,0.0,0.0,0.0,0.0,1.0,0.0,0.0
2024-07-13,0.9357603710882133,0.15384615384615385,1.0356666666666667,0.2857142857142857,0.0,0.9473036670077313,0.0,0.9523656260057933,0.0,0.0,0.0,1.0,0.0,0.0,0.0,0.0,0.0,0.9163138199826525,0.0,1.0,0.5,0.0,1.0,0.0,0.0,0.0,0.0,0.0,0.0,0.0,0.0,1.0,0.0,0.0
2024-07-14,0.9400348445858219,0.23076923076923078,1.1506666666666665,0.2857142857142857,0.9007076412487172,0.9473036670077313,0.0,0.8571842410196988,0.0,0.0,0.0,1.0,0.8038795515653303,0.2,0.3333333333333333,0.0,0.09090909090909091,0.9163138199826525,0.0,1.0,0.5,0.0,0.0,0.0,0.0,1.0,0.0,0.0,0.0,0.0,0.0,1.0,0.0,0.0
2024-07-15,0.9337271700665637,0.07692307692307693,0.9863333333333333,0.14285714285714285,0.0,0.9473036670077313,0.0,1.0,0.0,0.0,0.0,1.0,0.0,0.0,0.0,0.0,0.0,0.9163138199826525,0.0,1.0,0.5,1.0,1.0,0.0,0.0,0.0,0.0,0.0,0.0,0.0,0.0,1.0,0.0,0.0
2024-07-16,0.9337271700665637,0.07692307692307693,0.9863333333333333,0.14285714285714285,0.0,0.9473036670077313,0.0,1.0,0.0,0.0,0.0,1.0,0.0,0.0,0.0,0.0,0.0,0.9163138199826525,0.0,1.0,0.5,0.0,1.0,0.0,0.0,0.0,0.0,0.0,0.0,0.0,0.0,1.0,0.0,0.0
2024-07-17,0.9337271700665637,0.07692307692307693,0.9863333333333333,0.14285714285714285,0.0,0.9473036670077313,0.0,1.0,0.0,0.0,0.0,1.0,0.0,0.0,0.0,0.0,0.0,0.9163138199826525,0.0,1.0,0.5,0.0,1.0,0.0,0.0,0.0,0.0,0.0,0.0,0.0,0.0,1.0,0.0,0.0
2024-07-18,0.9337271700665637,0.07692307692307693,0.9863333333333333,0.14285714285714285,0.0,0.9473036670077313,0.0,1.0,0.0,0.0,0.0,1.0,0.0,0.0,0.0,0.0,0.0,0.9163138199826525,0.0,1.0,0.5,0.0,1.0,0.0,0.0,0.0,0.0,0.0,0.0,0.0,0.0,1.0,0.0,0.0
2024-07-19,0.9499803892352517,0.23076923076923078,1.4925,0.42857142857142855,0.8700115621668165,0.9473036670077313,0.0,0.6608598548297041,0.0,0.0,0.0,1.0,0.9629638178828474,0.2,0.3333333333333333,1.0,0.5,0.9163138199826525,0.0,1.0,0.5,0.0,0.0,0.0,0.0,1.0,0.0,0.0,0.0,0.0,0.0,1.0,0.0,0.0
2024-07-20,0.9307911798902376,0.46153846153846156,0.9205000000000001,0.5714285714285714,0.9706163618272652,0.0,0.2,0.0,0.033688638098169514,0.9327657915111909,0.033545570390639795,0.0,0.0,0.0,0.0,0.0,0.0,0.0,0.0,0.0,0.0,0.0,1.0,0.0,0.0,0.0,0.0,0.0,1.0,0.0,0.0,0.0,0.0,0.0
2024-07-21,0.9093946821925123,0.3076923076923077,0.5820000000000001,0.42857142857142855,0.9166453330519855,0.0,0.0,0.0,0.033688638098169514,0.9327657915111909,0.033545570390639795,0.0,0.0,0.0,0.0,0.0,0.0,0.0,0.0,0.0,0.0,0.0,1.0,0.0,0.0,0.0,0.0,0.0,1.0,0.0,0.0,0.0,0.0,0.0
2024-07-22,0.9456333546901222,0.46153846153846156,1.3285000000000002,0.5714285714285714,0.9650521484977486,0.0,0.2,0.0,0.033688638098169514,0.9327657915111909,0.033545570390639795,0.0,0.0,0.0,0.0,0.0,0.0,0.0,0.0,0.0,0.0,0.0,1.0,0.0,0.0,0.0,0.0,0.0,1.0,0.0,0.0,0.0,0.0,0.0
2024-07-23,0.9448641782474461,0.3076923076923077,1.302,0.2857142857142857,0.8557421864966532,0.9551771620095324,0.0,0.9267793138760881,0.0,0.0,0.0,1.0,0.6911651816679192,0.2,0.3333333333333333,0.0,0.045454545454545456,0.9163138199826525,0.0,1.0,0.5,1.0,0.0,0.0,0.0,1.0,0.0,0.0,0.0,0.0,1.0,0.0,0.0,0.0
2024-07-24,0.9360251854130061,0.07692307692307693,1.0423333333333333,0.14285714285714285,0.0,0.949513823782191,0.0,1.0,0.0,0.0,0.0,1.0,0.0,0.0,0.0,0.0,0.0,0.9163138199826525,0.0,1.0,0.5,0.0,1.0,0.0,0.0,0.0,0.0,0.0,0.0,0.0,1.0,0.0,0.0,0.0
2024-07-25,0.9625816206377072,0.46153846153846156,2.1471666666666667,0.5714285714285714,0.9781243270143325,0.9615850072805239,0.0,0.6692540557323604,0.033688638098169514,0.9327657915111909,0.033545570390639795,0.0,0.6911651816679192,0.2,0.3333333333333333,0.0,0.045454545454545456,0.9163138199826525,0.0,1.0,0.5,0.0,0.0,0.0,0.0,1.0,0.0,0.0,0.0,0.0,1.0,0.0,0.0,0.0
2024-07-26,0.9234110553181378,0.46153846153846156,0.7791666666666667,0.7142857142857143,0.9564451311492418,0.87591940369273,0.0,0.32491978609625666,0.033688638098169514,0.9327657915111909,0.033545570390639795,0.0,0.0,0.0,0.0,0.0,0.0,0.0,0.0,0.0,0.0,0.0,1.0,0.0,0.0,0.0,0.0,0.0,1.0,0.0,0.0,0.0,0.0,0.0
2024-07-27,0.9339393807853866,0.38461538461538464,0.9913333333333333,0.2857142857142857,0.9603537641899712,0.0,0.0,0.0,0.0,0.0,0.0,1.0,0.9425975662124182,0.2,0.3333333333333333,1.0,0.36363636363636365,0.0,0.0,0.0,0.0,0.0,0.0,0.0,0.0,1.0,0.0,0.0,1.0,0.0,0.0,0.0,0.0,0.0
2024-07-28,0.9257364845188205,0.6153846153846154,0.8203333333333334,0.5714285714285714,0.9812566295799141,0.7143431529036397,0.0,0.060138155221454694,0.02755558374758633,0.9429605959426921,0.029483820309721524,0.0,0.0,0.0,0.0,0.0,0.0,0.0,0.0,0.0,0.0,0.0,1.0,0.0,0.0,0.0,0.0,0.0,1.0,0.0,0.0,0.0,0.0,0.0
2024-07-29,0.9028359210115398,0.38461538461538464,0.5128333333333334,0.42857142857142855,0.9502794719132804,0.0,0.0,0.0,0.024021224294212655,0.9536172100641273,0.022361565641660013,0.0,0.8853338676601061,0.2,0.3333333333333333,0.0,0.18181818181818182,0.9163138199826525,0.0,1.0,0.5,1.0,0.0,0.0,1.0,0.0,0.0,0.0,0.0,0.0,1.0,0.0,0.0,0.0
2024-07-30,0.9392386709060291,0.5384615384615384,1.1280000000000001,0.5714285714285714,0.9428611988335989,0.9388358926474752,0.0,0.7142434988179669,0.024021224294212655,0.9536172100641273,0.022361565641660013,0.0,0.0,0.0,0.0,0.0,0.0,0.0,0.0,0.0,0.0,0.0,1.0,0.0,0.0,0.0,0.0,0.0,1.0,0.0,0.0,0.0,0.0,0.0
2024-07-31,0.9381515042301941,0.46153846153846156,1.0979999999999999,0.5714285714285714,0.9484352754900378,0.9246927386529583,0.0,0.5390103217972071,0.02755558374758633,0.9429605959426921,0.029483820309721524,0.0,0.0,0.0,0.0,0.0,0.0,0.9163138199826525,0.0,1.0,0.5,1.0,1.0,0.0,0.0,0.0,0.0,0.0,0.0,0.0,1.0,0.0,0.0,0.0
2024-08-01,0.956746979882614,0.3076923076923077,1.8051666666666668,0.5714285714285714,0.9511783822718688,0.0,0.0,0.0,0.02755558374758633,0.9429605959426921,0.029483820309721524,0.0,0.8853338676601061,0.2,0.3333333333333333,0.0,0.18181818181818182,0.0,0.0,0.0,0.0,0.0,0.0,0.0,1.0,0.0,0.0,0.0,1.0,0.0,0.0,0.0,0.0,0.0
2024-08-02,0.9279009905636293,0.6153846153846154,0.8613333333333333,0.7142857142857143,0.9644425030103132,0.8927343384625781,0.0,0.38177244582043346,0.025016252291092212,0.8945604981461384,0.08042324956276951,0.0,0.761132834939874,0.4,0.6666666666666666,0.0,0.03409090909090909,0.6711877414712396,1.0,1.0,1.0,1.0,0.0,0.0,0.0,0.0,1.0,0.0,0.0,0.0,0.0,0.0,0.0,1.0
2024-08-03,0.9367933787464932,0.6153846153846154,1.062,0.8571428571428571,0.9773563601656061,0.6534979211745231,0.2,0.030916509730069052,0.025016252291092212,0.8945604981461384,0.08042324956276951,0.0,0.0,0.0,0.0,0.0,0.0,0.0,0.0,0.0,0.0,0.0,1.0,0.0,0.0,0.0,0.0,0.0,1.0,0.0,0.0,0.0,0.0,0.0
2024-08-04,0.9261880839571162,0.6153846153846154,0.8286666666666667,0.42857142857142855,0.9267789668474687,0.0,0.0,0.0,0.0,0.0,0.0,1.0,0.9425975662124182,0.2,0.3333333333333333,1.0,0.36363636363636365,0.0,0.0,0.0,0.0,0.0,0.0,0.0,0.0,1.0,0.0,0.0,1.0,0.0,0.0,0.0,0.0,0.0
2024-08-05,0.9482540577508306,0.3076923076923077,1.4243333333333332,0.2857142857142857,0.9201288512240638,0.9551458651082853,0.0,0.8464778843903582,0.0,0.0,0.0,1.0,0.0,0.0,0.0,0.0,0.0,0.9163138199826525,0.0,1.0,0.5,1.0,1.0,0.0,0.0,0.0,0.0,0.0,0.0,0.0,0.0,1.0,0.0,0.0
2024-08-06,0.9418828605293141,0.15384615384615385,1.2056666666666667,0.14285714285714285,0.0,0.9551458651082853,0.0,1.0,0.0,0.0,0.0,1.0,0.0,0.0,0.0,0.0,0.0,0.9163138199826525,0.0,1.0,0.5,0.0,1.0,0.0,0.0,0.0,0.0,0.0,0.0,0.0,0.0,1.0,0.0,0.0
2024-08-07,0.957408121817053,0.38461538461538464,1.8401666666666665,0.5714285714285714,0.9647413332367585,0.9551458651082853,0.0,0.6551942758808079,0.03470647016301233,0.9283442881392955,0.03694924169769229,0.0,0.8853338676601061,0.2,0.3333333333333333,0.0,0.18181818181818182,0.9163138199826525,0.0,1.0,0.5,0.0,0.0,0.0,0.0,1.0,0.0,0.0,0.0,0.0,0.0,1.0,0.0,0.0
2024-08-08,0.941975014242919,0.5384615384615384,1.2085000000000001,0.42857142857142855,0.9210893973325109,0.9247063911514444,0.0,0.489863467107985,0.0,0.0,0.0,1.0,0.9425975662124182,0.2,0.3333333333333333,1.0,0.36363636363636365,0.9163138199826525,0.0,1.0,0.5,1.0,0.0,0.0,0.0,1.0,0.0,0.0,0.0,0.0,0.0,0.0,0.0,1.0
2024-08-09,0.8824447969634053,0.23076923076923078,0.35833333333333334,0.2857142857142857,0.9484352754900378,0.0,0.0,0.0,0.02577139733009825,0.9206203334481926,0.053608269221709214,0.0,0.0,0.0,0.0,0.0,0.0,0.0,0.0,0.0,0.0,0.0,1.0,0.0,0.0,0.0,0.0,0.0,1.0,0.0,0.0,0.0,0.0,0.0
2024-08-10,0.9383964938800202,0.46153846153846156,1.1046666666666667,0.5714285714285714,0.9568248123836479,0.9272848044186218,0.0,0.5654797827398913,0.02577139733009825,0.9206203334481926,0.053608269221709214,0.0,0.0,0.0,0.0,0.0,0.0,0.9163138199826525,1.0,0.0,0.5,1.0,1.0,0.0,0.0,0.0,0.0,0.0,0.0,0.0,1.0,0.0,0.0,0.0
2024-08-11,0.9324524844885437,0.7692307692307693,0.9570000000000001,0.7142857142857143,0.9744054002313515,0.0,0.0,0.0,0.02321039519469033,0.9334496113912724,0.043339993414037284,0.0,0.8549376800872659,0.2,0.3333333333333333,0.0,0.13636363636363635,0.0,0.0,0.0,0.0,0.0,0.0,0.0,0.0,1.0,0.0,0.0,1.0,0.0,0.0,0.0,0.0,0.0
2024-08-12,0.9159222759957055,0.23076923076923078,0.6641666666666667,0.42857142857142855,0.9498444624520371,0.0,0.0,0.0,0.02321039519469033,0.9334496113912724,0.043339993414037284,0.0,0.0,0.0,0.0,0.0,0.0,0.0,0.0,0.0,0.0,0.0,1.0,0.0,0.0,0.0,0.0,0.0,1.0,0.0,0.0,0.0,0.0,0.0
2024-08-13,0.9199772311269596,0.38461538461538464,0.7233333333333333,0.42857142857142855,0.8749811730434218,0.0,0.2,0.0,0.0,0.0,0.0,1.0,0.9571934083149521,0.2,0.3333333333333333,1.0,0.45454545454545453,0.0,0.0,0.0,0.0,0.0,0.0,0.0,0.0,1.0,0.0,0.0,1.0,0.0,0.0,0.0,0.0,0.0
2024-08-14,0.9255815279633038,0.5384615384615384,0.613125,0.7142857142857143,0.966038411976537,0.7518043631466347,0.0,0.08053007135575943,0.04292620256084056,0.916795158313182,0.040278639125977386,0.0,0.0,0.0,0.0,0.0,0.0,0.0,0.0,0.0,0.0,0.0,1.0,0.0,0.0,0.0,0.0,0.0,1.0,0.0,0.0,0.0,0.0,0.0
2024-08-15,0.9286751093914736,0.15384615384615385,0.6575,0.2857142857142857,0.9261077880852853,0.0,0.0,0.0,0.019516738734062608,0.9104709580982293,0.07001230316770804,0.0,0.9212415683211682,0.2,0.3333333333333333,0.0,0.2727272727272727,0.0,0.0,0.0,0.0,0.0,0.0,0.0,0.0,1.0,0.0,0.0,1.0,0.0,0.0,0.0,0.0,0.0
2024-08-16,0.9654396356311398,0.38461538461538464,1.7592500000000002,0.5714285714285714,0.9564260362042442,0.9632558696746986,0.0,0.6422481170953531,0.019516738734062608,0.9104709580982293,0.07001230316770804,0.0,0.0,0.0,0.0,0.0,0.0,0.9163138199826525,0.0,1.0,0.5,1.0,1.0,0.0,0.0,0.0,0.0,0.0,0.0,0.0,0.0,1.0,0.0,0.0
2024-08-17,0.9434012191456634,0.38461538461538464,0.9401249999999999,0.5714285714285714,0.9583026302040263,0.9119135768642491,0.0,0.3672383991490494,0.019516738734062608,0.9104709580982293,0.07001230316770804,0.0,0.0,0.0,0.0,0.0,0.0,0.9163138199826525,0.0,1.0,1.0,1.0,1.0,0.0,0.0,0.0,0.0,0.0,0.0,0.0,0.0,1.0,0.0,0.0
2024-08-18,0.953347483661049,0.46153846153846156,1.22875,0.5714285714285714,0.9591945598592524,0.9471805309342126,0.0,0.6002034587995931,0.019516738734062608,0.9104709580982293,0.07001230316770804,0.0,0.0,0.0,0.0,0.0,0.0,0.0,0.0,0.0,0.0,0.0,1.0,0.0,0.0,0.0,0.0,0.0,1.0,0.0,0.0,0.0,0.0,0.0
2024-08-19,0.9234208029024096,0.3076923076923077,0.5845,0.2857142857142857,0.9828280187263893,0.0,0.0,0.0,0.019516738734062608,0.9104709580982293,0.07001230316770804,0.0,0.0,0.0,0.0,0.0,0.0,0.0,0.0,0.0,0.0,0.0,1.0,0.0,0.0,0.0,0.0,0.0,1.0,0.0,0.0,0.0,0.0,0.0
2024-08-20,0.9271429569393161,0.38461538461538464,0.635,0.42857142857142855,0.9497291066042792,0.0,0.0,0.0,0.08226775950111516,0.8796846946419483,0.038047545856936406,0.0,0.8853338676601061,0.2,0.3333333333333333,0.0,0.18181818181818182,0.0,0.0,0.0,0.0,0.0,0.0,0.0,0.0,1.0,0.0,0.0,1.0,0.0,0.0,0.0,0.0,0.0
2024-08-21,0.959458257357852,0.23076923076923078,1.465875,0.2857142857142857,0.9286510538411547,0.0,0.0,0.0,0.0,0.0,0.0,1.0,0.9980936038465974,0.2,0.3333333333333333,1.0,1.0,0.45815690999132624,1.0,0.0,0.5,1.0,0.0,0.0,0.0,1.0,0.0,0.0,0.0,0.0,0.0,1.0,0.0,0.0
2024-08-22,0.9172063225481829,0.3076923076923077,0.511625,0.5714285714285714,0.9631407551277426,0.0,0.0,0.0,0.03868018827619475,0.8774905509424227,0.08382926078138257,0.0,0.0,0.0,0.0,0.0,0.0,0.0,0.0,0.0,0.0,0.0,1.0,0.0,0.0,0.0,0.0,0.0,1.0,0.0,0.0,0.0,0.0,0.0
2024-08-23,0.9218549502811656,0.46153846153846156,0.564875,0.42857142857142855,0.9756109912009062,0.0,0.0,0.0,0.038624789049103714,0.9020648173684473,0.059310393582448974,0.0,0.0,0.0,0.0,0.0,0.0,0.6711877414712396,1.0,0.0,0.5,1.0,1.0,0.0,0.0,0.0,0.0,0.0,0.0,0.0,0.0,0.0,0.0,1.0
2024-08-24,0.9489591130497245,0.6923076923076923,1.0887499999999999,0.7142857142857143,0.9797560773712353,0.7166437114778333,0.0,0.03455797933409874,0.02543807003904294,0.9514110464369478,0.023150883524009163,0.0,0.8853338676601061,0.2,0.3333333333333333,0.0,0.18181818181818182,0.0,0.0,0.0,0.0,0.0,0.0,0.0,0.0,0.0,0.0,1.0,1.0,0.0,0.0,0.0,0.0,0.0
2024-08-25,0.9236054729951464,0.46153846153846156,0.586875,0.42857142857142855,0.9734315492126079,0.8452096666791601,0.0,0.2138445154419595,0.8411039527203692,0.07724083363431976,0.08165521364531107,0.0,0.0,0.0,0.0,0.0,0.0,0.0,0.0,0.0,0.0,0.0,1.0,0.0,0.0,0.0,0.0,0.0,1.0,0.0,0.0,0.0,0.0,0.0
2024-08-26,0.9169132212711444,0.38461538461538464,0.5085,0.42857142857142855,0.9635290710526189,0.8545406647249338,0.0,0.2777777777777778,0.011224748238904857,0.9623733143779956,0.026401937383099608,0.0,0.0,0.0,0.0,0.0,0.0,0.0,0.0,0.0,0.0,0.0,1.0,0.0,0.0,0.0,0.0,0.0,1.0,0.0,0.0,0.0,0.0,0.0
2024-08-27,0.9268453239710545,0.38461538461538464,0.63075,0.42857142857142855,0.9722735303827488,0.0,0.0,0.0,0.04877279987988832,0.16144113540354235,0.7897860647165694,0.0,0.0,0.0,0.0,0.0,0.0,0.0,0.0,0.0,0.0,0.0,1.0,0.0,0.0,0.0,0.0,0.0,1.0,0.0,0.0,0.0,0.0,0.0
2024-08-28,0.925167824905224,0.46153846153846156,0.6074999999999999,0.42857142857142855,0.9777768857617889,0.0,0.0,0.0,0.01820642013119597,0.9519280052198781,0.029865574648925836,0.0,0.8853338676601061,0.2,0.3333333333333333,0.0,0.18181818181818182,0.0,0.0,0.0,0.0,0.0,0.0,0.0,0.0,0.0,0.0,1.0,1.0,0.0,0.0,0.0,0.0,0.0
2024-08-29,0.9878778200802214,0.46153846153846156,3.8572499999999996,0.42857142857142855,0.9296732169733299,0.0,0.0,0.0,0.0,0.0,0.0,1.0,0.0,0.0,0.0,0.0,0.0,0.0,0.0,0.0,0.0,0.0,1.0,0.0,0.0,0.0,0.0,0.0,1.0,0.0,0.0,0.0,0.0,0.0
2024-08-30,0.9281469967271982,0.38461538461538464,0.649625,0.42857142857142855,0.9791885174382695,0.0,0.0,0.0,0.00992831210768852,0.9498131807629813,0.04025850712933021,0.0,0.8332437206106266,0.2,0.3333333333333333,1.0,0.11363636363636363,0.6711877414712396,1.0,0.0,0.5,1.0,0.0,0.0,0.0,0.0,1.0,0.0,0.0,0.0,0.0,1.0,0.0,0.0
2024-08-31,0.9365869450768717,0.9230769230769231,0.7925,0.5714285714285714,0.9847509191802416,0.7460547507657938,0.0,0.05946372239747633,0.00992831210768852,0.9498131807629813,0.04025850712933021,0.0,0.0,0.0,0.0,0.0,0.0,0.0,0.0,0.0,0.0,0.0,1.0,0.0,0.0,0.0,0.0,0.0,1.0,0.0,0.0,0.0,0.0,0.0
2024-09-01,0.9323265894871751,0.46153846153846156,0.715625,0.5714285714285714,0.984176394399507,0.0,0.0,0.0,0.00992831210768852,0.9498131807629813,0.04025850712933021,0.0,0.0,0.0,0.0,0.0,0.0,0.6711877414712396,1.0,0.0,0.5,1.0,1.0,0.0,0.0,0.0,0.0,0.0,0.0,0.0,0.0,0.0,1.0,0.0
2024-09-02,0.9152623500067397,0.23076923076923078,0.491375,0.2857142857142857,0.9760159372579459,0.0,0.0,0.0,0.00992831210768852,0.9498131807629813,0.04025850712933021,0.0,0.0,0.0,0.0,0.0,0.0,0.0,0.0,0.0,0.0,0.0,1.0,0.0,0.0,0.0,0.0,0.0,1.0,0.0,0.0,0.0,0.0,0.0
2024-09-03,0.9529793296032133,0.38461538461538464,1.216125,0.42857142857142855,0.9391827102638282,0.0,0.0,0.0,0.0,0.0,0.0,1.0,0.9833081755583324,0.2,0.3333333333333333,1.0,0.7272727272727273,0.0,0.0,0.0,0.0,0.0,0.0,0.0,0.0,1.0,0.0,0.0,1.0,0.0,0.0,0.0,0.0,0.0
2024-09-04,0.9254991983151254,0.38461538461538464,0.612,0.5714285714285714,0.9561768303112184,0.0,0.0,0.0,0.020500295284188876,0.9452536097877237,0.034246094928087494,0.0,0.9060117431033616,0.2,0.3333333333333333,0.0,0.22727272727272727,0.45815690999132624,1.0,0.0,0.5,1.0,0.0,0.0,0.0,1.0,0.0,0.0,0.0,0.0,1.0,0.0,0.0,0.0
2024-09-05,0.9425007114973735,0.5384615384615384,0.9186249999999999,0.5714285714285714,0.9865404696875563,0.0,0.4,0.0,0.020500295284188876,0.9452536097877237,0.034246094928087494,0.0,0.0,0.0,0.0,0.0,0.0,0.0,0.0,0.0,0.0,0.0,1.0,0.0,0.0,0.0,0.0,0.0,1.0,0.0,0.0,0.0,0.0,0.0
2024-09-06,0.9705631330317908,0.5384615384615384,2.073875,0.2857142857142857,0.9610437493173459,0.9771860611235998,0.0,0.8322584533783376,0.0,0.0,0.0,1.0,0.0,0.0,0.0,0.0,0.0,1.0,0.0,1.0,1.0,1.0,1.0,0.0,0.0,0.0,0.0,0.0,0.0,0.0,0.0,1.0,0.0,0.0
2024-09-07,0.9460503814154124,0.3076923076923077,1.0073750000000001,0.42857142857142855,0.9701438551709054,0.9370945171568359,0.0,0.5763742399801465,0.038763723083516964,0.9182545449694965,0.0429817319469865,0.0,0.0,0.0,0.0,0.0,0.0,0.9163138199826525,0.0,1.0,0.5,1.0,1.0,0.0,0.0,0.0,0.0,0.0,0.0,0.0,0.0,1.0,0.0,0.0
2024-09-08,0.9146150895351607,0.38461538461538464,0.484875,0.42857142857142855,0.9727144450299171,0.0,0.0,0.0,0.03744191328597219,0.9327923798519374,0.029765706862090485,0.0,0.0,0.0,0.0,0.0,0.0,0.0,0.0,0.0,0.0,0.0,1.0,0.0,0.0,0.0,0.0,0.0,1.0,0.0,0.0,0.0,0.0,0.0
2024-09-09,0.9510167809602328,0.5384615384615384,1.151625,0.5714285714285714,0.9593876520576834,0.0,0.0,0.0,0.02571775583251254,0.9335957430607209,0.04068650110676652,0.0,0.8853338676601061,0.4,0.3333333333333333,0.0,0.09090909090909091,0.0,0.0,0.0,0.0,0.0,0.0,0.0,0.0,1.0,0.0,0.0,1.0,0.0,0.0,0.0,0.0,0.0
2024-09-10,0.9452247152163337,0.6923076923076923,0.98575,0.7142857142857143,0.97387813839699,0.8481934028218975,0.0,0.13213289373573422,0.060689511986215146,0.9089928462934349,0.03031764172034998,0.0,0.8853338676601061,0.6,0.6666666666666666,0.0,0.0606060606060606,0.0,0.0,0.0,0.0,0.0,0.0,0.0,0.0,1.0,0.0,0.0,1.0,0.0,0.0,0.0,0.0,0.0
2024-09-11,0.8976209735338488,0.23076923076923078,0.34924999999999995,0.2857142857142857,0.961226451167834,0.0,0.0,0.0,0.060689511986215146,0.9089928462934349,0.03031764172034998,0.0,0.0,0.0,0.0,0.0,0.0,0.6711877414712396,1.0,0.0,0.5,1.0,1.0,0.0,0.0,0.0,0.0,0.0,0.0,0.0,1.0,0.0,0.0,0.0
2024-09-12,0.9406806490714714,0.6153846153846154,0.877125,0.7142857142857143,0.962541516721119,0.8030228521249894,0.0,0.08949693601254097,0.060689511986215146,0.9089928462934349,0.03031764172034998,0.0,0.0,0.0,0.0,0.0,0.0,0.8115075629572489,1.0,0.0,1.0,1.0,1.0,0.0,0.0,0.0,0.0,0.0,0.0,0.0,0.0,0.0,1.0,0.0
2024-09-13,0.9277131213150303,0.38461538461538464,0.64325,0.42857142857142855,0.9315334772889102,0.0,0.0,0.0,0.05020267734025246,0.9148754203244354,0.03492190233531218,0.0,0.9504991666626191,0.4,0.6666666666666666,0.0,0.20454545454545456,0.45815690999132624,1.0,0.0,0.5,1.0,0.0,0.0,0.0,1.0,0.0,0.0,0.0,0.0,0.0,0.0,1.0,0.0
2024-09-14,0.9340660202146078,0.7692307692307693,0.7457499999999999,0.7142857142857143,0.9744054002313515,0.8855377844389396,0.0,0.294669795507878,0.05020267734025246,0.9148754203244354,0.03492190233531218,0.0,0.9425975662124182,0.6,0.6666666666666666,0.0,0.1212121212121212,0.0,0.0,0.0,0.0,0.0,0.0,0.0,0.0,0.0,0.0,1.0,1.0,0.0,0.0,0.0,0.0,0.0
2024-09-15,0.930635060528654,0.5384615384615384,0.687875,0.42857142857142855,0.9818183807264602,0.0,0.0,0.0,0.11104936260609828,0.3613913540191695,0.5275592833747322,0.0,0.0,0.0,0.0,0.0,0.0,0.6711877414712396,1.0,0.0,0.5,1.0,1.0,0.0,0.0,0.0,0.0,0.0,0.0,0.0,1.0,0.0,0.0,0.0
2024-09-16,0.9285751751575675,0.5384615384615384,0.6559999999999999,0.42857142857142855,0.9266121682375311,0.0,0.0,0.0,0.02857905636450941,0.9459217892439202,0.025499154391570487,0.0,0.0,0.0,0.0,0.0,0.0,0.0,0.0,0.0,0.0,0.0,1.0,0.0,0.0,0.0,0.0,0.0,1.0,0.0,0.0,0.0,0.0,0.0
2024-09-17,0.9343942911713934,0.3076923076923077,0.751625,0.42857142857142855,0.9310856266089811,0.9351338676244406,0.0,0.7390653583901546,0.02857905636450941,0.9459217892439202,0.025499154391570487,0.0,0.0,0.0,0.0,0.0,0.0,0.9163138199826525,0.0,1.0,0.5,1.0,1.0,0.0,0.0,0.0,0.0,0.0,0.0,0.0,1.0,0.0,0.0,0.0
2024-09-18,0.919070526659178,0.5384615384615384,0.532125,0.5714285714285714,0.9465682496682175,0.0,0.4,0.0,0.02857905636450941,0.9459217892439202,0.025499154391570487,0.0,0.0,0.0,0.0,0.0,0.0,0.0,0.0,0.0,0.0,0.0,1.0,0.0,0.0,0.0,0.0,0.0,1.0,0.0,0.0,0.0,0.0,0.0
2024-09-19,0.9412906115947549,0.46153846153846156,0.89075,0.7142857142857143,0.9503476785990876,0.0,0.4,0.0,0.059005178221033495,0.8807085422999302,0.06028627947903642,0.0,0.761132834939874,0.2,0.3333333333333333,0.0,0.06818181818181818,0.0,0.0,0.0,0.0,0.0,0.0,0.0,0.0,0.0,0.0,1.0,1.0,0.0,0.0,0.0,0.0,0.0
2024-09-20,0.9576556728216549,0.38461538461538464,1.3901249999999998,0.42857142857142855,0.9671471539034688,0.9585849988109467,0.0,0.713514971675209,0.059005178221033495,0.8807085422999302,0.06028627947903642,0.0,0.0,0.0,0.0,0.0,0.0,0.9163138199826525,0.0,1.0,0.5,1.0,1.0,0.0,0.0,0.0,0.0,0.0,0.0,1.0,0.0,0.0,0.0,0.0
2024-09-21,0.9401213780645955,0.8461538461538461,0.864875,0.8571428571428571,0.9763950352791885,0.8330420786344013,0.0,0.12545165486341958,0.059005178221033495,0.8807085422999302,0.06028627947903642,0.0,0.0,0.0,0.0,0.0,0.0,0.6711877414712396,1.0,0.0,0.5,1.0,1.0,0.0,0.0,0.0,0.0,0.0,0.0,1.0,0.0,0.0,0.0,0.0
2024-09-22,0.9227912102432156,0.46153846153846156,0.5765,0.5714285714285714,0.9696130557749075,0.8330420786344013,0.0,0.18820468343451863,0.059005178221033495,0.8807085422999302,0.06028627947903642,0.0,0.0,0.0,0.0,0.0,0.0,0.6711877414712396,1.0,0.0,0.5,1.0,1.0,0.0,0.0,0.0,0.0,0.0,0.0,1.0,0.0,0.0,0.0,0.0
2024-09-23,0.9253891070641352,0.6153846153846154,0.6105,0.5714285714285714,0.9438771718991186,0.0,0.0,0.0,0.04421015110668979,0.9003472038791774,0.055442645014132694,0.0,0.9060117431033616,0.4,0.6666666666666666,0.0,0.11363636363636363,0.0,0.0,0.0,0.0,0.0,0.0,0.0,0.0,1.0,0.0,0.0,1.0,0.0,0.0,0.0,0.0,0.0
2024-09-24,0.963318158958941,0.6153846153846154,1.6471250000000002,0.7142857142857143,0.9740769529569606,0.0,0.4,0.0,0.01803015398277081,0.9516255210291386,0.03034432498809077,0.0,0.6911651816679192,0.2,0.3333333333333333,0.0,0.045454545454545456,0.0,0.0,0.0,0.0,0.0,0.0,0.0,0.0,1.0,0.0,0.0,1.0,0.0,0.0,0.0,0.0,0.0
2024-09-25,0.923352510528471,0.5384615384615384,0.583625,0.5714285714285714,0.9728867368617858,0.0,0.0,0.0,0.01803015398277081,0.9516255210291386,0.03034432498809077,0.0,0.0,0.0,0.0,0.0,0.0,0.0,0.0,0.0,0.0,0.0,1.0,0.0,0.0,0.0,0.0,0.0,1.0,0.0,0.0,0.0,0.0,0.0
2024-09-26,0.9172996012044018,0.38461538461538464,0.512625,0.42857142857142855,0.9738559661721661,0.7443875692218362,0.0,0.09070958302852963,0.01803015398277081,0.9516255210291386,0.03034432498809077,0.0,0.0,0.0,0.0,0.0,0.0,0.0,0.0,0.0,0.0,0.0,1.0,0.0,0.0,0.0,0.0,0.0,1.0,0.0,0.0,0.0,0.0,0.0
2024-09-27,0.9451325738925123,0.8461538461538461,0.983375,0.8571428571428571,0.9743618154689133,0.9060480919199667,0.2,0.31524087962374475,0.01803015675956655,0.9516255165500366,0.030344326690396887,0.0,0.0,0.0,0.0,0.0,0.0,0.9163138199826525,0.0,1.0,0.5,1.0,1.0,0.0,0.0,0.0,0.0,0.0,0.0,0.0,1.0,0.0,0.0,0.0
2024-09-28,0.9266689795687715,0.5384615384615384,0.62825,0.42857142857142855,0.9736668370723135,0.0,0.0,0.0,0.041109008870082786,0.20155303230930963,0.7573379588206076,0.0,0.8549376800872659,0.2,0.3333333333333333,0.0,0.13636363636363635,0.0,0.0,0.0,0.0,0.0,0.0,0.0,0.0,1.0,0.0,0.0,1.0,0.0,0.0,0.0,0.0,0.0
2024-09-29,0.9236442221501304,0.46153846153846156,0.587375,0.2857142857142857,0.983014331427246,0.0,0.0,0.0,0.03617450502470098,0.9370190511563967,0.02680644381890238,0.0,0.0,0.0,0.0,0.0,0.0,0.0,0.0,0.0,0.0,0.0,1.0,0.0,0.0,0.0,0.0,0.0,1.0,0.0,0.0,0.0,0.0,0.0
2024-09-30,0.9496592867907023,0.5384615384615384,1.1096249999999999,0.42857142857142855,0.9177858317696919,0.9087358348551215,0.0,0.2933423453869551,0.0,0.0,0.0,1.0,0.9724709779659922,0.4,0.3333333333333333,0.8461538461538461,0.29545454545454547,0.9163138199826525,0.0,1.0,0.5,1.0,0.0,0.0,0.0,1.0,0.0,0.0,0.0,0.0,0.0,1.0,0.0,0.0
2024-10-01,0.9321629200232829,0.3076923076923077,0.712875,0.42857142857142855,0.9885234491600137,0.6890706078315909,0.0,0.043485884622128705,0.01657943281437395,0.9629353126603603,0.020485254525265915,0.0,0.0,0.0,0.0,0.0,0.0,0.0,0.0,0.0,0.0,0.0,1.0,0.0,0.0,0.0,0.0,0.0,1.0,0.0,0.0,0.0,0.0,0.0
2024-10-02,0.935833421769163,0.5384615384615384,0.778125,0.5714285714285714,0.971166675663766,0.9060480919199667,0.0,0.39839357429718875,0.02639759871020829,0.9419023007267051,0.03170010056308663,0.0,0.0,0.0,0.0,0.0,0.0,0.0,0.0,0.0,0.0,0.0,1.0,0.0,0.0,0.0,0.0,0.0,1.0,0.0,0.0,0.0,0.0,0.0
2024-10-03,0.9283659872626413,0.6153846153846154,0.6528750000000001,0.5714285714285714,0.970554602599251,0.0,0.6,0.0,0.02639759871020829,0.9419023007267051,0.03170010056308663,0.0,0.0,0.0,0.0,0.0,0.0,0.0,0.0,0.0,0.0,0.0,1.0,0.0,0.0,0.0,0.0,0.0,1.0,0.0,0.0,0.0,0.0,0.0
2024-10-04,0.9538461043211807,0.7692307692307693,1.246125,0.5714285714285714,0.9689820803262944,0.0,0.0,0.0,0.02639759871020829,0.9419023007267051,0.03170010056308663,0.0,0.0,0.0,0.0,0.0,0.0,0.0,0.0,0.0,0.0,0.0,1.0,0.0,0.0,0.0,0.0,0.0,1.0,0.0,0.0,0.0,0.0,0.0
2024-10-05,0.8982658735599443,0.3076923076923077,0.353375,0.42857142857142855,0.9574607454353862,0.0,0.0,0.0,0.10250207532208733,0.48627015440965443,0.4112277702682583,0.0,0.0,0.0,0.0,0.0,0.0,0.0,0.0,0.0,0.0,0.0,1.0,0.0,0.0,0.0,0.0,0.0,1.0,0.0,0.0,0.0,0.0,0.0
2024-10-06,0.9458757787060263,0.6153846153846154,1.0027500000000003,0.5714285714285714,0.9615724672222409,0.0,0.0,0.0,0.07738481751994068,0.9002917169281967,0.022323465551862643,0.0,0.9212415683211682,0.2,0.3333333333333333,0.0,0.2727272727272727,0.0,0.0,0.0,0.0,0.0,0.0,0.0,0.0,1.0,0.0,0.0,1.0,0.0,0.0,0.0,0.0,0.0
2024-10-07,0.9569597250795776,0.23076923076923078,1.36225,0.2857142857142857,0.9002644276858566,0.9664662935662317,0.0,0.9100752431638833,0.0,0.0,0.0,1.0,0.0,0.0,0.0,0.0,0.0,0.9163138199826525,0.0,1.0,0.5,1.0,1.0,0.0,0.0,0.0,0.0,0.0,0.0,0.0,1.0,0.0,0.0,0.0
2024-10-08,0.9551334454848026,0.15384615384615385,1.2925,0.2857142857142857,0.0,0.9664662935662317,0.0,0.9591876208897485,0.0,0.0,0.0,1.0,0.0,0.0,0.0,0.0,0.0,0.9163138199826525,0.0,1.0,0.5,0.0,1.0,0.0,0.0,0.0,0.0,0.0,0.0,0.0,1.0,0.0,0.0,0.0
2024-10-09,0.9583695934029642,0.23076923076923078,1.4195,0.42857142857142855,0.9258533285161082,0.9664662935662317,0.0,0.873370905248327,0.07738481751994068,0.9002917169281967,0.022323465551862643,0.0,0.0,0.0,0.0,0.0,0.0,0.9163138199826525,0.0,1.0,0.5,0.0,1.0,0.0,0.0,0.0,0.0,0.0,0.0,0.0,1.0,0.0,0.0,0.0
2024-10-10,0.9400637168740804,0.38461538461538464,0.8636250000000001,0.42857142857142855,0.9853433186439708,0.0,0.0,0.0,0.07738481751994068,0.9002917169281967,0.022323465551862643,0.0,0.0,0.0,0.0,0.0,0.0,0.6711877414712396,1.0,0.0,0.5,1.0,1.0,0.0,0.0,0.0,0.0,0.0,0.0,0.0,1.0,0.0,0.0,0.0
2024-10-11,0.9094526355036072,0.23076923076923078,0.437,0.2857142857142857,0.9711545531713428,0.0,0.0,0.0,0.03756902608859384,0.9178437723088968,0.04458720160250943,0.0,0.9060117431033616,0.2,0.3333333333333333,1.0,0.22727272727272727,0.6711877414712396,1.0,0.0,0.5,1.0,0.0,0.0,0.0,1.0,0.0,0.0,0.0,0.0,1.0,0.0,0.0,0.0
2024-10-12,0.9613815618277631,0.5384615384615384,1.55275,0.42857142857142855,0.9376837687260167,0.9561960145169085,0.0,0.5988568668491386,0.0,0.0,0.0,1.0,0.9060117431033616,0.4,0.6666666666666666,0.0,0.11363636363636363,0.9163138199826525,0.0,1.0,0.5,1.0,0.0,0.0,0.0,1.0,0.0,0.0,0.0,0.0,0.0,1.0,0.0,0.0
2024-10-13,0.9462286020627174,0.5384615384615384,1.012125,0.42857142857142855,0.973755987633625,0.0,0.0,0.0,0.017524759831844545,0.9621467325101429,0.020328507658012383,0.0,0.0,0.0,0.0,0.0,0.0,0.6711877414712396,1.0,0.0,0.5,1.0,1.0,0.0,0.0,0.0,0.0,0.0,0.0,0.0,0.0,0.0,1.0,0.0
2024-10-14,0.92023503519054,0.46153846153846156,0.5455,0.5714285714285714,0.9750942165290762,0.0,0.2,0.0,0.017524759831844545,0.9621467325101429,0.020328507658012383,0.0,0.0,0.0,0.0,0.0,0.0,0.0,0.0,0.0,0.0,0.0,1.0,0.0,0.0,0.0,0.0,0.0,1.0,0.0,0.0,0.0,0.0,0.0
2024-10-15,0.9487759562932307,0.5384615384615384,1.083375,0.5714285714285714,0.9817846529923174,0.0,0.0,0.0,0.04424427917002399,0.29256874910692704,0.663186971723049,0.0,0.8965426711588781,0.4,0.6666666666666666,0.0,0.10227272727272728,0.0,0.0,0.0,0.0,0.0,0.0,0.0,0.0,1.0,0.0,0.0,1.0,0.0,0.0,0.0,0.0,0.0
2024-10-16,0.9593199560880619,0.5384615384615384,1.459875,0.7142857142857143,0.9829091777352066,0.9399377264581376,0.0,0.4246082712561007,0.04424427917002399,0.29256874910692704,0.663186971723049,0.0,0.0,0.0,0.0,0.0,0.0,0.0,0.0,0.0,0.0,0.0,1.0,0.0,0.0,0.0,0.0,0.0,1.0,0.0,0.0,0.0,0.0,0.0
2024-10-17,0.9271777959990185,0.38461538461538464,0.6355000000000001,0.2857142857142857,0.9859593861454072,0.0,0.0,0.0,0.007131068205590742,0.9771854751741195,0.01568345662028978,0.0,0.0,0.0,0.0,0.0,0.0,0.6711877414712396,1.0,0.0,0.5,1.0,1.0,0.0,0.0,0.0,0.0,0.0,0.0,1.0,0.0,0.0,0.0,0.0
2024-10-18,0.9163196007778199,0.38461538461538464,0.50225,0.42857142857142855,0.9699427187306958,0.0,0.0,0.0,0.007131068205590742,0.9771854751741195,0.01568345662028978,0.0,0.0,0.0,0.0,0.0,0.0,0.9163138199826525,0.0,1.0,0.5,1.0,1.0,0.0,0.0,0.0,0.0,0.0,0.0,1.0,0.0,0.0,0.0,0.0
2024-10-19,0.9319909027201183,0.5384615384615384,0.7100000000000001,0.7142857142857143,0.9751048535884507,0.8767605422517624,0.0,0.2707746478873239,0.06026147185289384,0.2107255997222065,0.7290129284248997,0.0,0.0,0.0,0.0,0.0,0.0,0.0,0.0,0.0,0.0,0.0,1.0,0.0,0.0,0.0,0.0,0.0,1.0,0.0,0.0,0.0,0.0,0.0
2024-10-20,0.9344012383004764,0.46153846153846156,0.75175,0.42857142857142855,0.9716118624424714,0.9060480919199667,0.0,0.4123711340206186,0.07934728959735207,0.87941203718717,0.04124067321547799,0.0,0.0,0.0,0.0,0.0,0.0,0.0,0.0,0.0,0.0,0.0,1.0,0.0,0.0,0.0,0.0,0.0,1.0,0.0,0.0,0.0,0.0,0.0
2024-10-21,0.9484016879596833,0.5384615384615384,1.0725,0.7142857142857143,0.9844766484132771,0.819279129356113,0.0,0.08671328671328672,0.10232599617473592,0.15234670945235737,0.7453272943729067,0.0,0.8332437206106266,0.4,0.6666666666666666,0.0,0.056818181818181816,0.0,0.0,0.0,0.0,0.0,0.0,0.0,0.0,0.0,1.0,0.0,1.0,0.0,0.0,0.0,0.0,0.0
2024-10-22,0.9260712595268162,0.15384615384615385,0.619875,0.2857142857142857,0.9850374758031755,0.0,0.0,0.0,0.10232599617473592,0.15234670945235737,0.7453272943729067,0.0,0.0,0.0,0.0,0.0,0.0,0.0,0.0,0.0,0.0,0.0,1.0,0.0,0.0,0.0,0.0,0.0,1.0,0.0,0.0,0.0,0.0,0.0
2024-10-23,0.9183322265934477,0.23076923076923078,0.523875,0.2857142857142857,0.9785811834680711,0.0,0.0,0.0,0.10232599617473592,0.15234670945235737,0.7453272943729067,0.0,0.0,0.0,0.0,0.0,0.0,0.0,0.0,0.0,0.0,0.0,1.0,0.0,0.0,0.0,0.0,0.0,1.0,0.0,0.0,0.0,0.0,0.0
2024-10-24,0.9226618786186567,0.3076923076923077,0.574875,0.42857142857142855,0.9802769954618604,0.0,0.0,0.0,0.10232599617473592,0.15234670945235737,0.7453272943729067,0.0,0.9601801392542484,0.6,0.6666666666666666,0.0,0.1590909090909091,0.0,0.0,0.0,0.0,0.0,0.0,0.0,0.0,1.0,0.0,0.0,1.0,0.0,0.0,0.0,0.0,0.0
2024-10-25,0.9444891549707418,0.5384615384615384,0.967,0.42857142857142855,0.9514437014261856,0.0,0.0,0.0,0.030265194198929896,0.9441509290010903,0.02558387679997977,0.0,0.0,0.0,0.0,0.0,0.0,0.0,0.0,0.0,0.0,0.0,1.0,0.0,0.0,0.0,0.0,0.0,1.0,0.0,0.0,0.0,0.0,0.0
2024-10-26,0.9269506788536207,0.6153846153846154,0.6322500000000001,0.5714285714285714,0.9683247766055555,0.0,0.0,0.0,0.030265194198929896,0.9441509290010903,0.02558387679997977,0.0,0.0,0.0,0.0,0.0,0.0,0.6711877414712396,1.0,0.0,0.5,1.0,1.0,0.0,0.0,0.0,0.0,0.0,0.0,0.0,0.0,0.0,0.0,1.0
2024-10-27,0.9166769704983303,0.5384615384615384,0.506,0.42857142857142855,0.9708499215411899,0.0,0.0,0.0,0.030265194198929896,0.9441509290010903,0.02558387679997977,0.0,0.761132834939874,0.2,0.3333333333333333,0.0,0.06818181818181818,0.0,0.0,0.0,0.0,0.0,0.0,0.0,0.0,1.0,0.0,0.0,1.0,0.0,0.0,0.0,0.0,0.0
2024-10-28,0.9461114765830898,0.5384615384615384,1.009,0.5714285714285714,0.981683225940424,0.9140721780557879,0.0,0.35641724479682857,0.10575477781605497,0.23522128878200155,0.6590239334019434,0.0,0.0,0.0,0.0,0.0,0.0,0.0,0.0,0.0,0.0,0.0,1.0,0.0,0.0,0.0,0.0,0.0,1.0,0.0,0.0,0.0,0.0,0.0
2024-10-29,0.9220483381448332,0.15384615384615385,0.5672499999999999,0.2857142857142857,0.981683225940424,0.0,0.0,0.0,0.10575477781605497,0.23522128878200155,0.6590239334019434,0.0,0.0,0.0,0.0,0.0,0.0,0.6711877414712396,1.0,0.0,0.5,1.0,1.0,0.0,0.0,0.0,0.0,0.0,0.0,0.0,0.0,0.0,1.0,0.0
2024-10-30,0.903230609431162,0.15384615384615385,0.3875,0.2857142857142857,0.9659382783843723,0.0,0.0,0.0,0.10575477781605497,0.23522128878200155,0.6590239334019434,0.0,0.0,0.0,0.0,0.0,0.0,0.2890648263178878,1.0,0.0,0.5,1.0,1.0,0.0,0.0,0.0,0.0,0.0,0.0,1.0,0.0,0.0,0.0,0.0
2024-10-31,0.9260712595268162,0.3076923076923077,0.6198750000000001,0.42857142857142855,0.9803924560207281,0.0,0.0,0.0,0.011766528127679728,0.9559625106224154,0.032270961249904834,0.0,0.761132834939874,0.2,0.3333333333333333,0.0,0.06818181818181818,0.0,0.0,0.0,0.0,0.0,0.0,0.0,0.0,1.0,0.0,0.0,1.0,0.0,0.0,0.0,0.0,0.0
2024-11-01,0.8996749694946463,0.23076923076923078,0.362625,0.42857142857142855,0.9569943040591876,0.0,0.0,0.0,0.011766528127679728,0.9559625106224154,0.032270961249904834,0.0,0.0,0.0,0.0,0.0,0.0,0.9163138199826525,1.0,0.0,0.5,1.0,1.0,0.0,0.0,0.0,0.0,0.0,0.0,0.0,0.0,0.0,1.0,0.0
2024-11-02,0.9227912102432156,0.38461538461538464,0.5765,0.5714285714285714,0.9708499215411899,0.0,0.0,0.0,0.011766528127679728,0.9559625106224154,0.032270961249904834,0.0,0.0,0.0,0.0,0.0,0.0,0.0,0.0,0.0,0.0,0.0,1.0,0.0,0.0,0.0,0.0,0.0,1.0,0.0,0.0,0.0,0.0,0.0
2024-11-03,0.9254074809530309,0.38461538461538464,0.61075,0.42857142857142855,0.9699427187306958,0.0,0.0,0.0,0.030265194198929896,0.9441509290010903,0.02558387679997977,0.0,0.8549376800872659,0.2,0.3333333333333333,0.0,0.13636363636363635,0.0,0.0,0.0,0.0,0.0,0.0,0.0,0.0,1.0,0.0,0.0,1.0,0.0,0.0,0.0,0.0,0.0
2024-11-04,0.9518287086014791,0.38461538461538464,1.17775,0.42857142857142855,0.9045949027818337,0.6543129137672868,0.0,0.02101464657185311,0.0,0.0,0.0,1.0,0.9601801392542484,0.2,0.3333333333333333,1.0,0.4772727272727273,0.0,0.0,0.0,0.0,0.0,0.0,0.0,0.0,1.0,0.0,0.0,1.0,0.0,0.0,0.0,0.0,0.0
2024-11-05,0.9060915609660076,0.23076923076923078,0.40925,0.42857142857142855,0.956540446702312,0.0,0.0,0.0,0.022623372080096914,0.9247855191982578,0.052591108721645234,0.0,0.0,0.0,0.0,0.0,0.0,0.0,0.0,0.0,0.0,0.0,1.0,0.0,0.0,0.0,0.0,0.0,1.0,0.0,0.0,0.0,0.0,0.0
2024-11-06,0.9363073470237214,0.6153846153846154,0.787125,0.5714285714285714,0.9880245674114123,0.5302450166890439,0.0,0.01572177227251072,0.0330951354297289,0.8902842909560411,0.07662057361422998,0.0,0.0,0.0,0.0,0.0,0.0,0.0,0.0,0.0,0.0,0.0,1.0,0.0,0.0,0.0,0.0,0.0,1.0,0.0,0.0,0.0,0.0,0.0
2024-11-07,0.9170424868148879,0.3076923076923077,0.5098750000000001,0.2857142857142857,0.9279284195389659,0.0,0.0,0.0,0.02431891653993244,0.9228819994107763,0.052799084049291276,0.0,0.9724709779659922,0.2,0.3333333333333333,0.0,0.5909090909090909,0.0,0.0,0.0,0.0,0.0,0.0,0.0,1.0,0.0,0.0,0.0,1.0,0.0,0.0,0.0,0.0,0.0
2024-11-08,0.9296739962702848,0.6153846153846154,0.67275,0.5714285714285714,0.975631893440757,0.0,0.4,0.0,0.019454144713113315,0.949877891403907,0.030667963882979595,0.0,0.0,0.0,0.0,0.0,0.0,0.0,0.0,0.0,0.0,0.0,1.0,0.0,0.0,0.0,0.0,0.0,1.0,0.0,0.0,0.0,0.0,0.0
2024-11-09,0.879756741788169,0.15384615384615385,0.25725,0.2857142857142857,0.9461628014276932,0.0,0.0,0.0,0.019454144713113315,0.949877891403907,0.030667963882979595,0.0,0.0,0.0,0.0,0.0,0.0,0.0,0.0,0.0,0.0,0.0,1.0,0.0,0.0,0.0,0.0,0.0,1.0,0.0,0.0,0.0,0.0,0.0
2024-11-10,0.9458189216943279,0.6923076923076923,1.00125,0.8571428571428571,0.973194405261511,0.8330420786344013,0.2,0.1083645443196005,0.019454144713113315,0.949877891403907,0.030667963882979595,0.0,0.0,0.0,0.0,0.0,0.0,0.2890648263178878,1.0,0.0,0.5,1.0,1.0,0.0,0.0,0.0,0.0,0.0,0.0,1.0,0.0,0.0,0.0,0.0
2024-11-11,0.9177738007335712,0.38461538461538464,0.51775,0.42857142857142855,0.9745791049276751,0.0,0.0,0.0,0.019454144713113315,0.949877891403907,0.030667963882979595,0.0,0.0,0.0,0.0,0.0,0.0,0.2890648263178878,1.0,0.0,0.5,1.0,1.0,0.0,0.0,0.0,0.0,0.0,0.0,1.0,0.0,0.0,0.0,0.0
2024-11-12,0.9221597990819806,0.46153846153846156,0.568625,0.42857142857142855,0.9786848686262717,0.0,0.0,0.0,0.017689602934155287,0.9561591874962134,0.026151209569631316,0.0,0.0,0.0,0.0,0.0,0.0,0.0,0.0,0.0,0.0,0.0,1.0,0.0,0.0,0.0,0.0,0.0,1.0,0.0,0.0,0.0,0.0,0.0
2024-11-13,0.9499640122692973,0.46153846153846156,1.1188749999999998,0.5714285714285714,0.985594364940818,0.8399763690764621,0.0,0.10523963802927049,0.017689602934155287,0.9561591874962134,0.026151209569631316,0.0,0.8549376800872659,0.4,0.3333333333333333,0.0,0.06818181818181818,0.9163138199826525,1.0,0.0,0.5,1.0,0.0,0.0,0.0,1.0,0.0,0.0,0.0,0.0,0.0,0.0,0.0,1.0
2024-11-14,0.9387422171874588,0.38461538461538464,0.835625,0.5714285714285714,0.9879640673337885,0.8442335605810125,0.0,0.14839192221391176,0.017689602934155287,0.9561591874962134,0.026151209569631316,0.0,0.0,0.0,0.0,0.0,0.0,0.2890648263178878,1.0,0.0,0.5,1.0,1.0,0.0,0.0,0.0,0.0,0.0,0.0,1.0,0.0,0.0,0.0,0.0
2024-11-15,0.9005993064773111,0.15384615384615385,0.368875,0.2857142857142857,0.9588050155618716,0.7152699043573791,0.0,0.10098271772280583,0.017689602934155287,0.9561591874962134,0.026151209569631316,0.0,0.0,0.0,0.0,0.0,0.0,0.0,0.0,0.0,0.0,0.0,1.0,0.0,0.0,0.0,0.0,0.0,1.0,0.0,0.0,0.0,0.0,0.0
2024-11-16,0.9372781565548309,0.38461538461538464,0.806,0.42857142857142855,0.9848568424613346,0.0,0.0,0.0,0.026047955166313513,0.9267804051557489,0.047171639677937596,0.0,0.761132834939874,0.2,0.3333333333333333,0.0,0.06818181818181818,0.0,0.0,0.0,0.0,0.0,0.0,0.0,0.0,1.0,0.0,0.0,1.0,0.0,0.0,0.0,0.0,0.0
2024-11-17,0.9557959567323923,0.5384615384615384,1.31725,0.42857142857142855,0.9792716066147654,0.0,0.0,0.0,0.06109190308092832,0.23690509219051578,0.7020030047285559,0.0,0.9380696563926467,0.4,0.3333333333333333,0.0,0.17045454545454544,0.0,0.0,0.0,0.0,0.0,0.0,0.0,0.0,1.0,0.0,0.0,1.0,0.0,0.0,0.0,0.0,0.0
2024-11-18,0.9091035466933296,0.15384615384615385,0.434,0.2857142857142857,0.9708621650883444,0.0,0.0,0.0,0.06109190308092832,0.23690509219051578,0.7020030047285559,0.0,0.0,0.0,0.0,0.0,0.0,0.6711877414712396,1.0,0.0,0.5,1.0,1.0,0.0,0.0,0.0,0.0,0.0,0.0,0.0,1.0,0.0,0.0,0.0
2024-11-19,0.9251770744363134,0.23076923076923078,0.607625,0.42857142857142855,0.944227721878909,0.8930726674506653,0.0,0.40814647191935816,0.08362649051084342,0.15429170920053537,0.7620818002886212,0.0,0.9764574178722174,0.4,0.3333333333333333,0.5714285714285714,0.3181818181818182,0.0,0.0,0.0,0.0,0.0,0.0,0.0,0.0,1.0,0.0,0.0,1.0,0.0,0.0,0.0,0.0,0.0
2024-11-20,0.959817810572751,0.38461538461538464,1.481625,0.2857142857142857,0.9633432574306425,0.0,0.0,0.0,0.0,0.0,0.0,1.0,0.0,0.0,0.0,0.0,0.0,0.0,0.0,0.0,0.0,0.0,1.0,0.0,0.0,0.0,0.0,0.0,1.0,0.0,0.0,0.0,0.0,0.0
2024-11-21,0.9383598713387348,0.6153846153846154,0.82775,0.7142857142857143,0.9726221529513402,0.819279129356113,0.0,0.11235276351555422,0.01762518593366868,0.9221862150725963,0.06018859899373501,0.0,0.0,0.0,0.0,0.0,0.0,0.0,0.0,0.0,0.0,0.0,1.0,0.0,0.0,0.0,0.0,0.0,1.0,0.0,0.0,0.0,0.0,0.0
2024-11-22,0.962482275141457,0.6923076923076923,1.6055,0.7142857142857143,0.9773858973187418,0.9353243150663563,0.2,0.34747742136406107,0.1704502062924128,0.39875623798769655,0.43079355571989064,0.0,0.0,0.0,0.0,0.0,0.0,0.45815690999132624,1.0,0.0,0.5,1.0,1.0,0.0,0.0,0.0,0.0,0.0,0.0,0.0,0.0,0.0,0.0,1.0
2024-11-22,0.962482275141457,0.6923076923076923,1.6055,0.7142857142857143,0.9773858973187418,0.9353243150663563,0.2,0.34747742136406107,0.01762518593366868,0.9221862150725963,0.06018859899373501,0.0,0.0,0.0,0.0,0.0,0.0,0.45815690999132624,1.0,0.0,0.5,1.0,1.0,0.0,0.0,0.0,0.0,0.0,0.0,0.0,0.0,0.0,0.0,1.0
2024-11-23,0.9375866835943422,0.5384615384615384,0.812125,0.8571428571428571,0.9629527068170487,0.0,0.4,0.0,0.01762518593366868,0.9221862150725963,0.06018859899373501,0.0,0.0,0.0,0.0,0.0,0.0,0.0,0.0,0.0,0.0,0.0,1.0,0.0,0.0,0.0,0.0,0.0,1.0,0.0,0.0,0.0,0.0,0.0
2024-11-24,0.9374674205659587,0.46153846153846156,0.80975,0.42857142857142855,0.9885629573451143,0.0,0.0,0.0,0.022448989708525827,0.9501565920052908,0.027394418286183456,0.0,0.0,0.0,0.0,0.0,0.0,0.0,0.0,0.0,0.0,0.0,1.0,0.0,0.0,0.0,0.0,0.0,1.0,0.0,0.0,0.0,0.0,0.0
2024-11-25,0.9600266606982308,0.7692307692307693,1.4908750000000002,0.8571428571428571,0.9812652251620492,0.9076739242818558,0.2,0.21413599396327657,0.022448989708525827,0.9501565920052908,0.027394418286183456,0.0,0.0,0.0,0.0,0.0,0.0,0.8115075629572489,1.0,0.0,1.0,1.0,1.0,0.0,0.0,0.0,0.0,0.0,0.0,0.0,0.0,0.0,0.0,1.0
2024-11-26,0.95038267232022,0.6923076923076923,1.13175,0.5714285714285714,0.9842845558728772,0.0,0.0,0.0,0.020217636795536873,0.9255162547732201,0.05426610843124303,0.0,0.8038795515653303,0.4,0.6666666666666666,0.0,0.045454545454545456,0.0,0.0,0.0,0.0,0.0,0.0,0.0,0.0,1.0,0.0,0.0,1.0,0.0,0.0,0.0,0.0,0.0
2024-11-27,0.9188484498433985,0.3076923076923077,0.529625,0.42857142857142855,0.9644274885686673,0.0,0.0,0.0,0.020217636795536873,0.9255162547732201,0.05426610843124303,0.0,0.0,0.0,0.0,0.0,0.0,0.9163138199826525,1.0,0.0,0.5,1.0,1.0,0.0,0.0,0.0,0.0,0.0,0.0,0.0,1.0,0.0,0.0,0.0
2024-11-28,0.9487203470570282,0.46153846153846156,1.08175,0.42857142857142855,0.9773858973187418,0.9365407539504139,0.0,0.530043910330483,0.020217636795536873,0.9255162547732201,0.05426610843124303,0.0,0.0,0.0,0.0,0.0,0.0,0.9163138199826525,0.0,1.0,0.5,1.0,1.0,0.0,0.0,0.0,0.0,0.0,0.0,0.0,0.0,1.0,0.0,0.0
2024-11-29,0.9188707215239464,0.46153846153846156,0.529875,0.42857142857142855,0.9668004594365965,0.0,0.0,0.0,0.033469309496703854,0.9316296442118164,0.03490104629147975,0.0,0.8717798633407456,0.4,0.6666666666666666,0.0,0.07954545454545454,0.0,0.0,0.0,0.0,0.0,0.0,0.0,0.0,1.0,0.0,0.0,1.0,0.0,0.0,0.0,0.0,0.0
2024-11-30,0.9237312448888472,0.8461538461538461,0.5885,0.7142857142857143,0.9731490224096441,0.0,0.2,0.0,0.0281366651930102,0.9402207249548232,0.03164260985216665,0.0,0.0,0.0,0.0,0.0,0.0,0.6711877414712396,1.0,0.0,0.5,1.0,1.0,0.0,0.0,0.0,0.0,0.0,0.0,0.0,1.0,0.0,0.0,0.0
2024-12-01,0.9391019155450885,0.46153846153846156,0.843125,0.42857142857142855,0.9659382783843723,0.0,0.0,0.0,0.04168704745811429,0.9104420510225244,0.04787090151936113,0.0,0.8965426711588781,0.2,0.3333333333333333,0.0,0.20454545454545456,0.0,0.0,0.0,0.0,0.0,0.0,0.0,0.0,1.0,0.0,0.0,1.0,0.0,0.0,0.0,0.0,0.0
2024-12-02,0.925167824905224,0.38461538461538464,0.6074999999999999,0.42857142857142855,0.9662802915380004,0.8847315516029682,0.0,0.357201646090535,0.04168704745811429,0.9104420510225244,0.04787090151936113,0.0,0.0,0.0,0.0,0.0,0.0,0.45815690999132624,1.0,0.0,0.5,1.0,1.0,0.0,0.0,0.0,0.0,0.0,0.0,1.0,0.0,0.0,0.0,0.0
2024-12-03,0.9278071909112702,0.3076923076923077,0.6446250000000001,0.42857142857142855,0.9692927307021187,0.8873880996146378,0.0,0.3509792515028117,0.04168704745811429,0.9104420510225244,0.04787090151936113,0.0,0.0,0.0,0.0,0.0,0.0,0.45815690999132624,1.0,0.0,0.5,1.0,1.0,0.0,0.0,0.0,0.0,0.0,0.0,1.0,0.0,0.0,0.0,0.0
2024-12-04,0.9316061162179314,0.3076923076923077,0.7036250000000001,0.42857142857142855,0.9748377766613312,0.8873880996146378,0.0,0.3215491206253331,0.04168704745811429,0.9104420510225244,0.04787090151936113,0.0,0.0,0.0,0.0,0.0,0.0,0.2890648263178878,1.0,0.0,0.5,1.0,1.0,0.0,0.0,0.0,0.0,0.0,0.0,1.0,0.0,0.0,0.0,0.0
2024-12-05,0.9611431944520323,0.46153846153846156,1.5416250000000002,0.42857142857142855,0.9550822210825431,0.8873880996146378,0.0,0.14676072326279088,0.0,0.0,0.0,1.0,0.9425975662124182,0.2,0.3333333333333333,1.0,0.36363636363636365,0.0,0.0,0.0,0.0,0.0,0.0,0.0,0.0,1.0,0.0,0.0,1.0,0.0,0.0,0.0,0.0,0.0
2024-12-06,0.950318050670464,0.5384615384615384,1.12975,0.7142857142857143,0.9808322063102937,0.0,0.4,0.0,0.020613571725560786,0.9447024139198287,0.03468401435461046,0.0,0.0,0.0,0.0,0.0,0.0,0.2890648263178878,1.0,0.0,0.5,1.0,1.0,0.0,0.0,0.0,0.0,0.0,0.0,1.0,0.0,0.0,0.0,0.0
2024-12-07,0.974749660326595,0.23076923076923078,2.38675,0.42857142857142855,0.9369122193367688,0.0,0.0,0.0,0.020613571725560786,0.9447024139198287,0.03468401435461046,0.0,0.0,0.0,0.0,0.0,0.0,0.0,0.0,0.0,0.0,0.0,1.0,0.0,0.0,0.0,0.0,0.0,1.0,0.0,0.0,0.0,0.0,0.0
2024-12-08,0.9557165246694391,0.46153846153846156,1.31425,0.5714285714285714,0.9763950352791885,0.0,0.0,0.0,0.017509581447260492,0.9465569545455207,0.0359334640072189,0.0,0.9571934083149521,0.2,0.3333333333333333,1.0,0.45454545454545453,0.0,0.0,0.0,0.0,0.0,0.0,0.0,0.0,1.0,0.0,0.0,1.0,0.0,0.0,0.0,0.0,0.0
2024-12-09,0.9515748920231972,0.6923076923076923,1.1695,0.7142857142857143,0.9981919702563892,0.0,0.4,0.0,0.017509581447260492,0.9465569545455207,0.0359334640072189,0.0,0.0,0.0,0.0,0.0,0.0,0.0,0.0,0.0,0.0,0.0,1.0,0.0,0.0,0.0,0.0,0.0,1.0,0.0,0.0,0.0,0.0,0.0
2024-12-10,0.9260802606862354,0.5384615384615384,0.6199999999999999,0.5714285714285714,0.9758815723322091,0.0,0.0,0.0,0.017509581447260492,0.9465569545455207,0.0359334640072189,0.0,0.0,0.0,0.0,0.0,0.0,0.2890648263178878,1.0,0.0,0.5,1.0,1.0,0.0,0.0,0.0,0.0,0.0,0.0,1.0,0.0,0.0,0.0,0.0
2024-12-11,0.950115132270281,0.38461538461538464,1.1235,0.42857142857142855,0.9473906478329406,0.0,0.0,0.0,0.029693892724877418,0.9300652280252567,0.040240879249865864,0.0,0.9571934083149521,0.4,0.3333333333333333,0.0,0.22727272727272727,0.0,0.0,0.0,0.0,0.0,0.0,0.0,0.0,1.0,0.0,0.0,1.0,0.0,0.0,0.0,0.0,0.0
2024-12-12,0.9191589611117473,0.38461538461538464,0.5331250000000001,0.42857142857142855,0.9605233789490424,0.0,0.4,0.0,0.029693892724877418,0.9300652280252567,0.040240879249865864,0.0,0.0,0.0,0.0,0.0,0.0,0.6711877414712396,1.0,0.0,0.5,1.0,1.0,0.0,0.0,0.0,0.0,0.0,0.0,0.0,1.0,0.0,0.0,0.0
2024-12-13,0.9080060493366406,0.38461538461538464,0.42475000000000007,0.2857142857142857,0.9699427187306958,0.0,0.0,0.0,0.029693892724877418,0.9300652280252567,0.040240879249865864,0.0,0.0,0.0,0.0,0.0,0.0,0.0,0.0,0.0,0.0,0.0,1.0,0.0,0.0,0.0,0.0,0.0,1.0,0.0,0.0,0.0,0.0,0.0
2024-12-14,0.9479168321189462,0.46153846153846156,1.058625,0.7142857142857143,0.9714561835678686,0.0,0.2,0.0,0.02886240792709724,0.9011696689777436,0.06996792309515905,0.0,0.8853338676601061,0.2,0.3333333333333333,0.0,0.18181818181818182,0.0,0.0,0.0,0.0,0.0,0.0,0.0,0.0,1.0,0.0,0.0,1.0,0.0,0.0,0.0,0.0,0.0
2024-12-15,0.9526692952700261,0.7692307692307693,1.205625,0.8571428571428571,0.995746244902007,0.0,0.2,0.0,0.02886240792709724,0.9011696689777436,0.06996792309515905,0.0,0.0,0.0,0.0,0.0,0.0,0.2890648263178878,1.0,0.0,0.5,1.0,1.0,0.0,0.0,0.0,0.0,0.0,0.0,1.0,0.0,0.0,0.0,0.0
2024-12-16,0.9571550745598169,0.7692307692307693,1.37,0.7142857142857143,0.977621121112413,0.7030107275913134,0.4,0.02490875912408759,0.02886240792709724,0.9011696689777436,0.06996792309515905,0.0,0.0,0.0,0.0,0.0,0.0,0.6711877414712396,1.0,0.0,0.5,1.0,1.0,0.0,0.0,0.0,0.0,0.0,0.0,0.0,1.0,0.0,0.0,0.0
2024-12-17,0.9470852500435245,0.6923076923076923,1.035375,0.7142857142857143,0.9788350200272592,0.0,0.8,0.0,0.02886240792709724,0.9011696689777436,0.06996792309515905,0.0,0.0,0.0,0.0,0.0,0.0,0.0,0.0,0.0,0.0,0.0,1.0,0.0,0.0,0.0,0.0,0.0,1.0,0.0,0.0,0.0,0.0,0.0
2024-12-18,0.9712546336549818,1.0,2.12175,0.8571428571428571,0.9372998858658745,0.0,1.0,0.0,0.0,0.0,0.0,1.0,0.0,0.0,0.0,0.0,0.0,0.0,0.0,0.0,0.0,0.0,1.0,0.0,0.0,0.0,0.0,0.0,1.0,0.0,0.0,0.0,0.0,0.0
2024-12-19,0.8712259588026678,0.15384615384615385,0.225,0.14285714285714285,0.9389368552801414,0.0,0.0,0.0,0.0,0.0,0.0,1.0,0.9703052254406813,0.4,0.3333333333333333,0.0,0.2840909090909091,0.0,0.0,0.0,0.0,0.0,0.0,0.0,0.0,0.0,1.0,0.0,1.0,0.0,0.0,0.0,0.0,0.0
2025-01-16,0.0,0.0,0.0,0.0,0.0,0.0,0.0,0.0,0.0,0.0,0.0,0.0,0.9212415683211682,0.2,0.3333333333333333,1.0,0.2727272727272727,0.0,0.0,0.0,0.0,0.0,0.0,0.0,0.0,0.0,1.0,0.0,1.0,0.0,0.0,0.0,0.0,0.0
2025-01-17,0.9924901265871778,0.46153846153846156,3.7107,0.7142857142857143,0.9550623558870194,1.0,0.0,0.8560379443231735,0.014861391127047595,0.9201409254533758,0.06499768341957675,0.0,0.8853338676601061,0.6,0.6666666666666666,0.0,0.0606060606060606,0.0,0.0,0.0,0.0,0.0,0.0,0.0,0.0,0.0,1.0,0.0,1.0,0.0,0.0,0.0,0.0,0.0
2025-01-18,0.9859671705731047,0.3076923076923077,2.8661000000000003,0.42857142857142855,0.9591240683633865,0.9949781415778006,0.0,0.9068071595547956,0.014861391127047595,0.9201409254533758,0.06499768341957675,0.0,0.0,0.0,0.0,0.0,0.0,0.9163138199826525,0.0,1.0,0.5,1.0,1.0,0.0,0.0,0.0,0.0,0.0,0.0,0.0,0.0,1.0,0.0,0.0
2025-01-19,0.9549430454275256,0.6923076923076923,1.0284,0.5714285714285714,0.9760056232318564,0.8724475046950689,0.0,0.14041229093737845,0.03190066386469333,0.14292871480474528,0.8251706213305614,0.0,0.8332437206106266,0.2,0.3333333333333333,0.0,0.11363636363636363,0.6711877414712396,1.0,0.0,0.5,1.0,0.0,0.0,0.0,0.0,1.0,0.0,0.0,0.0,0.0,1.0,0.0,0.0
2025-01-20,0.894423443048523,0.15384615384615385,0.2638,0.2857142857142857,0.958536810590042,0.0,0.0,0.0,0.03190066386469333,0.14292871480474528,0.8251706213305614,0.0,0.0,0.0,0.0,0.0,0.0,0.6711877414712396,1.0,0.0,0.5,1.0,1.0,0.0,0.0,0.0,0.0,0.0,0.0,0.0,0.0,1.0,0.0,0.0
2025-01-21,0.9051615801620806,0.3076923076923077,0.32159999999999994,0.2857142857142857,0.9675582274779706,0.0,0.0,0.0,0.03190066386469333,0.14292871480474528,0.8251706213305614,0.0,0.0,0.0,0.0,0.0,0.0,0.6711877414712396,1.0,0.0,0.5,1.0,1.0,0.0,0.0,0.0,0.0,0.0,0.0,0.0,0.0,1.0,0.0,0.0
2025-01-22,0.9061864747926491,0.38461538461538464,0.32799999999999996,0.2857142857142857,0.9684176356500286,0.0,0.0,0.0,0.03190066386469333,0.14292871480474528,0.8251706213305614,0.0,0.0,0.0,0.0,0.0,0.0,0.0,0.0,0.0,0.0,0.0,1.0,0.0,0.0,0.0,0.0,0.0,1.0,0.0,0.0,0.0,0.0,0.0
2025-01-23,0.8927025729895726,0.15384615384615385,0.2559,0.2857142857142857,0.9570881040181841,0.0,0.0,0.0,0.03190066386469333,0.14292871480474528,0.8251706213305614,0.0,0.0,0.0,0.0,0.0,0.0,0.6711877414712396,1.0,0.0,0.5,1.0,1.0,0.0,0.0,0.0,0.0,0.0,0.0,0.0,0.0,1.0,0.0,0.0
2025-01-24,0.9047043404172552,0.3076923076923077,0.3188,0.2857142857142857,0.9671747259826573,0.0,0.0,0.0,0.03190066386469333,0.14292871480474528,0.8251706213305614,0.0,0.0,0.0,0.0,0.0,0.0,0.45815690999132624,1.0,0.0,0.5,1.0,1.0,0.0,0.0,0.0,0.0,0.0,0.0,0.0,0.0,1.0,0.0,0.0
2025-01-25,0.9181735851776384,0.3076923076923077,0.41769999999999996,0.42857142857142855,0.9723785388802785,0.0,0.0,0.0,0.03190066386469333,0.14292871480474528,0.8251706213305614,0.0,0.0,0.0,0.0,0.0,0.0,0.9163138199826525,1.0,0.0,0.5,1.0,1.0,0.0,0.0,0.0,0.0,0.0,0.0,0.0,1.0,0.0,0.0,0.0
2025-01-26,0.8964210435073999,0.23076923076923078,0.2734,0.2857142857142857,0.9602174475853053,0.0,0.0,0.0,0.030065831100866646,0.1420139461155695,0.8279202227835639,0.0,0.0,0.0,0.0,0.0,0.0,0.45815690999132624,1.0,0.0,0.5,1.0,1.0,0.0,0.0,0.0,0.0,0.0,0.0,0.0,0.0,1.0,0.0,0.0
2025-01-27,0.9447462741211431,0.3076923076923077,0.7787999999999999,0.42857142857142855,0.9602174475853053,0.940750293904184,0.0,0.6489470980996405,0.030065831100866646,0.1420139461155695,0.8279202227835639,0.0,0.0,0.0,0.0,0.0,0.0,0.9163138199826525,0.0,1.0,0.5,1.0,1.0,0.0,0.0,0.0,0.0,0.0,0.0,0.0,1.0,0.0,0.0,0.0
2025-01-28,0.9726932252530769,0.3076923076923077,1.7808,0.42857142857142855,0.9586979893752895,0.9800245121159686,0.0,0.851358939802336,0.030065831100866646,0.1420139461155695,0.8279202227835639,0.0,0.0,0.0,0.0,0.0,0.0,0.9163138199826525,0.0,1.0,0.5,1.0,1.0,0.0,0.0,0.0,0.0,0.0,0.0,0.0,0.0,1.0,0.0,0.0
2025-01-29,0.9126929779818092,0.3076923076923077,0.373,0.2857142857142857,0.9738670543359463,0.0,0.0,0.0,0.030065831100866646,0.1420139461155695,0.8279202227835639,0.0,0.0,0.0,0.0,0.0,0.0,0.45815690999132624,1.0,0.0,0.5,1.0,1.0,0.0,0.0,0.0,0.0,0.0,0.0,0.0,0.0,1.0,0.0,0.0
2025-01-30,0.8946997934101129,0.15384615384615385,0.2651,0.2857142857142857,0.958769377911261,0.0,0.0,0.0,0.030065831100866646,0.1420139461155695,0.8279202227835639,0.0,0.0,0.0,0.0,0.0,0.0,0.45815690999132624,1.0,0.0,0.5,1.0,1.0,0.0,0.0,0.0,0.0,0.0,0.0,0.0,0.0,1.0,0.0,0.0
2025-01-31,0.9023324468500362,0.3076923076923077,0.3048,0.2857142857142857,0.9651844403059455,0.0,0.0,0.0,0.030065831100866646,0.1420139461155695,0.8279202227835639,0.0,0.0,0.0,0.0,0.0,0.0,0.45815690999132624,1.0,0.0,0.5,1.0,1.0,0.0,0.0,0.0,0.0,0.0,0.0,0.0,0.0,1.0,0.0,0.0
2025-02-01,0.9127459397592574,0.3076923076923077,0.3734,0.2857142857142857,0.9739113659903653,0.0,0.0,0.0,0.030065831100866646,0.1420139461155695,0.8279202227835639,0.0,0.0,0.0,0.0,0.0,0.0,0.0,0.0,0.0,0.0,0.0,1.0,0.0,0.0,0.0,0.0,0.0,1.0,0.0,0.0,0.0,0.0,0.0
2025-02-02,0.8994310379679235,0.23076923076923078,0.2888,0.2857142857142857,0.9627477580957096,0.0,0.0,0.0,0.3585923574036845,0.24221953667396315,0.39918810592235243,0.0,0.0,0.0,0.0,0.0,0.0,0.45815690999132624,1.0,0.0,0.5,1.0,1.0,0.0,0.0,0.0,0.0,0.0,0.0,0.0,0.0,1.0,0.0,0.0
2025-02-03,0.8341859335595153,0.3076923076923077,0.1082,0.14285714285714285,0.9073030299009478,0.0,0.0,0.0,0.0,0.0,0.0,1.0,0.0,0.0,0.0,0.0,0.0,0.2890648263178878,1.0,0.0,0.5,1.0,1.0,0.0,0.0,0.0,0.0,0.0,0.0,0.0,0.0,1.0,0.0,0.0
2025-02-04,0.8643526817864624,0.23076923076923078,0.16240000000000002,0.14285714285714285,0.9330990710105423,0.0,0.0,0.0,0.0,0.0,0.0,1.0,0.0,0.0,0.0,0.0,0.0,0.0,0.0,0.0,0.0,0.0,1.0,0.0,0.0,0.0,0.0,0.0,1.0,0.0,0.0,0.0,0.0,0.0
2025-02-05,0.8564894055688252,0.15384615384615385,0.1451,0.14285714285714285,0.9264027398735755,0.0,0.0,0.0,0.0,0.0,0.0,1.0,0.0,0.0,0.0,0.0,0.0,0.2890648263178878,1.0,0.0,0.5,1.0,1.0,0.0,0.0,0.0,0.0,0.0,0.0,0.0,0.0,1.0,0.0,0.0
2025-02-06,0.8441444702866612,0.23076923076923078,0.1228,0.14285714285714285,0.9158508160635962,0.0,0.0,0.0,0.0,0.0,0.0,1.0,0.0,0.0,0.0,0.0,0.0,0.45815690999132624,1.0,0.0,0.5,1.0,1.0,0.0,0.0,0.0,0.0,0.0,0.0,0.0,0.0,1.0,0.0,0.0
2025-02-07,0.8828959252566561,0.23076923076923078,0.21660000000000001,0.14285714285714285,0.9488164526289635,0.0,0.0,0.0,0.0,0.0,0.0,1.0,0.0,0.0,0.0,0.0,0.0,0.5781296526357756,1.0,0.0,1.0,1.0,1.0,0.0,0.0,0.0,0.0,0.0,0.0,0.0,0.0,0.0,0.0,1.0
2025-02-08,0.948763133169319,0.46153846153846156,0.8664000000000001,0.5714285714285714,1.0,0.0,0.2,0.0,0.027178731616178446,0.9382131066685341,0.03460816171528737,0.0,0.8332437206106266,0.2,0.3333333333333333,0.0,0.11363636363636363,0.0,0.0,0.0,0.0,0.0,0.0,0.0,0.0,0.0,1.0,0.0,1.0,0.0,0.0,0.0,0.0,0.0
2025-02-09,0.9911380492921659,0.46153846153846156,3.5121999999999995,0.7142857142857143,0.9654764832016365,0.9970139643571206,0.2,0.8016627754683675,0.027178731616178446,0.9382131066685341,0.03460816171528737,0.0,0.0,0.0,0.0,0.0,0.0,0.9163138199826525,0.0,1.0,0.5,1.0,1.0,0.0,0.0,0.0,0.0,0.0,0.0,0.0,0.0,1.0,0.0,0.0
2025-02-10,0.9415936998345975,0.3076923076923077,0.7181000000000001,0.42857142857142855,0.9571068331228956,0.0,0.0,0.0,0.051801846702002725,0.3392133055174795,0.6089848477805179,0.0,0.8332437206106266,0.2,0.3333333333333333,0.0,0.11363636363636363,0.45815690999132624,1.0,0.0,0.5,1.0,0.0,0.0,0.0,0.0,1.0,0.0,0.0,0.0,0.0,1.0,0.0,0.0
2025-02-11,0.902645719508044,0.3076923076923077,0.3066,0.2857142857142857,0.9654473983953381,0.0,0.0,0.0,0.05180183034025147,0.3392132832239997,0.6089848864357489,0.0,0.0,0.0,0.0,0.0,0.0,0.45815690999132624,1.0,0.0,0.5,1.0,1.0,0.0,0.0,0.0,0.0,0.0,0.0,0.0,0.0,1.0,0.0,0.0
2025-02-12,0.8780994768837185,0.3076923076923077,0.2004,0.2857142857142857,0.918647640020024,0.0,0.0,0.0,0.0,0.0,0.0,1.0,0.0,0.0,0.0,0.0,0.0,0.6711877414712396,1.0,0.0,0.5,1.0,1.0,0.0,0.0,0.0,0.0,0.0,0.0,0.0,0.0,0.0,1.0,0.0
2025-02-13,0.9177852867917015,0.3076923076923077,0.4143,0.2857142857142857,0.9781243270143325,0.0,0.0,0.0,0.051801846702002725,0.3392133055174795,0.6089848477805179,0.0,0.0,0.0,0.0,0.0,0.0,0.45815690999132624,1.0,0.0,0.5,1.0,1.0,0.0,0.0,0.0,0.0,0.0,0.0,0.0,0.0,1.0,0.0,0.0
2025-02-14,0.9888692433679109,0.3076923076923077,3.2081999999999997,0.42857142857142855,0.9674081217301747,0.9976479622815737,0.0,0.9000997444049622,0.051801846702002725,0.3392133055174795,0.6089848477805179,0.0,0.0,0.0,0.0,0.0,0.0,0.9163138199826525,0.0,1.0,0.5,1.0,1.0,0.0,0.0,0.0,0.0,0.0,0.0,0.0,0.0,1.0,0.0,0.0
2025-02-15,0.9059805260509067,0.3076923076923077,0.5445,0.42857142857142855,0.9632031976996893,0.0,0.0,0.0,0.06825692100124052,0.8452879626459501,0.08645511635280939,0.0,0.927495776966136,0.6,0.3333333333333333,0.3076923076923077,0.09848484848484848,0.0,0.0,0.0,0.0,0.0,0.0,0.0,0.0,0.0,1.0,0.0,1.0,0.0,0.0,0.0,0.0,0.0
2025-02-16,0.9508189392325445,0.46153846153846156,1.5271666666666666,0.42857142857142855,0.962221665118127,0.0,0.0,0.0,0.0,0.0,0.0,1.0,0.9571934083149521,0.2,0.3333333333333333,1.0,0.45454545454545453,0.0,0.0,0.0,0.0,0.0,0.0,0.0,0.0,1.0,0.0,0.0,1.0,0.0,0.0,0.0,0.0,0.0
2025-02-17,0.9260352303810623,0.38461538461538464,0.8258333333333334,0.5714285714285714,0.9633898104334885,0.0,0.0,0.0,0.0252338164045881,0.9522825333490516,0.022483650246360367,0.0,0.0,0.0,0.0,0.0,0.0,0.0,0.0,0.0,0.0,0.0,1.0,0.0,0.0,0.0,0.0,0.0,1.0,0.0,0.0,0.0,0.0,0.0
2025-02-18,0.949090417635183,0.3076923076923077,1.4568333333333332,0.42857142857142855,0.9576271129257466,0.9488665200033486,0.0,0.7039240361514701,0.0252338164045881,0.9522825333490516,0.022483650246360367,0.0,0.8717798633407456,0.4,0.3333333333333333,0.0,0.07954545454545454,0.9163138199826525,0.0,1.0,0.5,1.0,0.0,0.0,0.0,0.0,1.0,0.0,0.0,0.0,0.0,0.0,0.0,1.0
2025-02-19,0.9332983922151629,0.3076923076923077,0.9763333333333334,0.42857142857142855,0.9490055501476682,0.0,0.0,0.0,0.023490268215687084,0.9473016481258276,0.029208083658485314,0.0,0.9571934083149521,0.2,0.3333333333333333,0.0,0.45454545454545453,0.0,0.0,0.0,0.0,0.0,0.0,0.0,0.0,0.0,1.0,0.0,1.0,0.0,0.0,0.0,0.0,0.0
2025-02-20,0.9227216315384528,0.46153846153846156,0.7675000000000001,0.5714285714285714,0.9650668745311838,0.8643870291400685,0.0,0.2799131378935939,0.023490268215687084,0.9473016481258276,0.029208083658485314,0.0,0.0,0.0,0.0,0.0,0.0,0.6711877414712396,0.0,1.0,0.5,1.0,1.0,0.0,0.0,0.0,0.0,0.0,0.0,0.0,1.0,0.0,0.0,0.0
2025-02-21,0.9144892600288071,0.46153846153846156,0.6448333333333334,0.42857142857142855,0.9636831084642039,0.8380902325671474,0.0,0.2380460067200827,0.023490268215687084,0.9473016481258276,0.029208083658485314,0.0,0.0,0.0,0.0,0.0,0.0,0.6711877414712396,1.0,0.0,0.5,1.0,1.0,0.0,0.0,0.0,0.0,0.0,0.0,0.0,0.0,0.0,1.0,0.0
2025-02-22,0.9431786737952601,0.38461538461538464,1.2463333333333333,0.42857142857142855,0.962509671636472,0.0,0.0,0.0,0.030433112310947266,0.9450178176211027,0.024549070067950013,0.0,0.9571934083149521,0.2,0.3333333333333333,0.0,0.45454545454545453,0.0,0.0,0.0,0.0,0.0,0.0,0.0,0.0,0.0,1.0,0.0,1.0,0.0,0.0,0.0,0.0,0.0
2025-02-23,0.9343247346838817,0.6923076923076923,1.0005,0.5714285714285714,0.9803303432718019,0.0,0.2,0.0,0.046398731618526055,0.8771737916341242,0.07642747674734951,0.0,0.8717798633407456,0.6,0.6666666666666666,0.0,0.05303030303030303,0.6711877414712396,1.0,0.0,0.5,1.0,0.0,0.0,1.0,0.0,0.0,0.0,0.0,0.0,0.0,0.0,0.0,1.0
2025-02-24,0.9468574872562665,0.46153846153846156,1.372166666666667,0.5714285714285714,0.9775918220050036,0.9264635798566248,0.0,0.4474675088060245,0.046398731618526055,0.8771737916341242,0.07642747674734951,0.0,0.6911651816679192,0.4,0.3333333333333333,0.0,0.022727272727272728,0.6711877414712396,0.0,1.0,0.5,1.0,0.0,0.0,0.0,0.0,1.0,0.0,0.0,0.0,0.0,0.0,0.0,1.0
2025-02-25,0.9227216315384528,0.5384615384615384,0.7675000000000001,0.7142857142857143,0.9668979172914944,0.8380902325671474,0.2,0.2,0.013886904493111248,0.9392902354914947,0.04682286001539424,0.0,0.5481604781084608,0.2,0.3333333333333333,0.0,0.022727272727272728,0.2890648263178878,1.0,0.0,0.5,1.0,0.0,0.0,0.0,0.0,1.0,0.0,0.0,0.0,1.0,0.0,0.0,0.0
2025-02-26,0.92006338025932,0.38461538461538464,0.7246666666666667,0.42857142857142855,0.9560804984509962,0.8884899314612502,0.0,0.4236430542778289,0.013886904493111248,0.9392902354914947,0.04682286001539424,0.0,0.0,0.0,0.0,0.0,0.0,0.6711877414712396,0.0,1.0,0.5,1.0,1.0,0.0,0.0,0.0,0.0,0.0,0.0,0.0,1.0,0.0,0.0,0.0
2025-02-27,0.9366967858369274,0.46153846153846156,1.0595,0.5714285714285714,0.9837394478427276,0.0,0.0,0.0,0.02463085241079267,0.9389252962987071,0.03644385129050013,0.0,0.5481604781084608,0.2,0.3333333333333333,0.0,0.022727272727272728,0.0,0.0,0.0,0.0,0.0,0.0,0.0,0.0,0.0,1.0,0.0,1.0,0.0,0.0,0.0,0.0,0.0
2025-02-28,0.9260352303810623,0.38461538461538464,0.8258333333333334,0.42857142857142855,0.9774252336229106,0.0,0.0,0.0,0.12749028267373033,0.6523296661259994,0.2201800512002702,0.0,0.8853338676601061,0.4,0.6666666666666666,0.0,0.09090909090909091,0.45815690999132624,1.0,0.0,1.0,1.0,0.0,0.0,1.0,0.0,0.0,0.0,0.0,1.0,0.0,0.0,0.0,0.0
2025-03-01,0.9274983155294904,0.46153846153846156,0.7315714285714285,0.5714285714285714,0.9729325158500975,0.8380902325671474,0.2,0.17984768599882836,0.12749028267373033,0.6523296661259994,0.2201800512002702,0.0,0.0,0.0,0.0,0.0,0.0,0.2890648263178878,0.0,1.0,0.5,1.0,1.0,0.0,0.0,0.0,0.0,0.0,0.0,0.0,0.0,0.0,0.0,1.0
2025-03-02,0.9372718275133808,0.15384615384615385,0.9209999999999999,0.14285714285714285,0.0,0.9507126474149646,0.0,1.0,0.0,0.0,0.0,1.0,0.0,0.0,0.0,0.0,0.0,0.9163138199826525,0.0,1.0,0.5,1.0,1.0,0.0,0.0,0.0,0.0,0.0,0.0,0.0,1.0,0.0,0.0,0.0
2025-03-03,0.951513005683512,0.46153846153846156,1.3342857142857143,0.5714285714285714,0.9669118153930096,0.9445018449169763,0.0,0.5916488222698072,0.12749028267373033,0.6523296661259994,0.2201800512002702,0.0,0.0,0.0,0.0,0.0,0.0,0.9163138199826525,0.0,1.0,0.5,0.0,1.0,0.0,0.0,0.0,0.0,0.0,0.0,0.0,1.0,0.0,0.0,0.0
2025-03-04,0.9456190305205493,0.6153846153846154,1.1382857142857143,0.8571428571428571,0.9766080412858824,0.8184042708607695,0.4,0.09249497991967871,0.05217692199038027,0.9176357747481322,0.030187303261487382,0.0,0.8853338676601061,0.2,0.3333333333333333,0.0,0.18181818181818182,0.0,0.0,0.0,0.0,0.0,0.0,0.0,0.0,0.0,1.0,0.0,1.0,0.0,0.0,0.0,0.0,0.0
2025-03-05,0.9251308010622866,0.5384615384615384,0.6937142857142857,0.42857142857142855,0.9789377963519061,0.0,0.0,0.0,0.05217692199038027,0.9176357747481322,0.030187303261487382,0.0,0.0,0.0,0.0,0.0,0.0,0.0,0.0,0.0,0.0,0.0,1.0,0.0,0.0,0.0,0.0,0.0,1.0,0.0,0.0,0.0,0.0,0.0
2025-03-06,0.9070301167910151,0.46153846153846156,0.4762857142857143,0.2857142857142857,0.9691248468884129,0.0,0.0,0.0,0.02962611250701955,0.8880100753455498,0.08236381214743055,0.0,0.0,0.0,0.0,0.0,0.0,0.0,0.0,0.0,0.0,0.0,1.0,0.0,0.0,0.0,0.0,0.0,1.0,0.0,0.0,0.0,0.0,0.0
2025-03-07,0.8831197505688105,0.15384615384615385,0.3105714285714286,0.2857142857142857,0.7975713187494438,0.0,0.0,0.0,0.0,0.0,0.0,1.0,0.8853338676601061,0.2,0.3333333333333333,0.0,0.18181818181818182,0.0,0.0,0.0,0.0,0.0,0.0,0.0,0.0,0.0,1.0,0.0,1.0,0.0,0.0,0.0,0.0,0.0
2025-03-08,0.9769333298175057,0.6153846153846154,2.941857142857143,0.5714285714285714,0.9713720265798342,0.8074723953316656,0.0,0.03190404506385665,0.020265324503478312,0.9478398998243098,0.03189477567221185,0.0,0.9800488747957017,0.4,0.6666666666666666,0.9333333333333333,0.3409090909090909,0.0,0.0,0.0,0.0,0.0,0.0,0.0,0.0,0.0,1.0,0.0,1.0,0.0,0.0,0.0,0.0,0.0
2025-03-09,0.8905564633054521,0.38461538461538464,0.35214285714285715,0.42857142857142855,0.9492405420544694,0.7070998531591819,0.0,0.11399594320486817,0.020265324503478312,0.9478398998243098,0.03189477567221185,0.0,0.0,0.0,0.0,0.0,0.0,0.2890648263178878,1.0,0.0,0.5,1.0,1.0,0.0,0.0,0.0,0.0,0.0,0.0,0.0,0.0,1.0,0.0,0.0
2025-03-10,0.9693546429752908,0.46153846153846156,2.2782857142857145,0.42857142857142855,0.9804632760285564,0.9715398703940485,0.0,0.724291447203411,0.1457043247050002,0.17920530646902438,0.6750903688259754,0.0,0.0,0.0,0.0,0.0,0.0,0.9602525677891275,1.0,1.0,1.0,1.0,1.0,0.0,0.0,0.0,0.0,0.0,0.0,1.0,0.0,0.0,0.0,0.0
2025-03-11,0.9688420825441781,0.3076923076923077,2.240714285714286,0.42857142857142855,0.9780378566142935,0.9715398703940485,0.0,0.7364360854319413,0.1457043247050002,0.17920530646902438,0.6750903688259754,0.0,0.0,0.0,0.0,0.0,0.0,0.9163138199826525,0.0,1.0,0.5,0.0,1.0,0.0,0.0,0.0,0.0,0.0,0.0,1.0,0.0,0.0,0.0,0.0
2025-03-12,0.9688558682660126,0.3076923076923077,2.2417142857142855,0.5714285714285714,0.9635290710526189,0.9728577185222357,0.2,0.7667601325516187,0.1457043247050002,0.17920530646902438,0.6750903688259754,0.0,0.0,0.0,0.0,0.0,0.0,0.9163138199826525,0.0,1.0,0.5,0.0,1.0,0.0,0.0,0.0,0.0,0.0,0.0,1.0,0.0,0.0,0.0,0.0
2025-03-13,0.9446081091411234,0.38461538461538464,1.1085714285714285,0.42857142857142855,0.9597532233333268,0.9407418483472536,0.0,0.651159793814433,0.020265324503478312,0.9478398998243098,0.03189477567221185,0.0,0.0,0.0,0.0,0.0,0.0,0.45815690999132624,0.0,1.0,0.5,1.0,1.0,0.0,0.0,0.0,0.0,0.0,0.0,1.0,0.0,0.0,0.0,0.0
2025-03-14,0.9771282177998466,0.46153846153846156,2.962,0.5714285714285714,0.9618336847480814,0.9020431098005613,0.0,0.11141120864280891,0.12558505880150822,0.6773921277689631,0.19702281342952868,0.0,0.9800488747957017,0.4,0.6666666666666666,0.0,0.3409090909090909,0.0,0.0,0.0,0.0,0.0,0.0,0.0,0.0,0.0,1.0,0.0,1.0,0.0,0.0,0.0,0.0,0.0
2025-03-15,0.913232193542923,0.46153846153846156,0.5387142857142857,0.5714285714285714,0.9587515449446877,0.0,0.2,0.0,0.12558505880150822,0.6773921277689631,0.19702281342952868,0.0,0.0,0.0,0.0,0.0,0.0,0.0,0.0,0.0,0.0,0.0,1.0,0.0,0.0,0.0,0.0,0.0,1.0,0.0,0.0,0.0,0.0,0.0
2025-03-16,0.9500212894926479,0.23076923076923078,1.2807142857142857,0.42857142857142855,0.9491232368286701,0.9527063109431075,0.0,0.7569436698271054,0.12558505880150822,0.6773921277689631,0.19702281342952868,0.0,0.0,0.0,0.0,0.0,0.0,0.6711877414712396,0.0,1.0,0.5,1.0,1.0,0.0,0.0,0.0,0.0,0.0,0.0,0.0,1.0,0.0,0.0,0.0
2025-03-17,0.9074602198814143,0.46153846153846156,0.48028571428571426,0.42857142857142855,0.96089351282023,0.0,0.0,0.0,0.016722267834685105,0.9501363908638151,0.03314134130149983,0.0,0.8853338676601061,0.4,0.3333333333333333,0.0,0.09090909090909091,0.0,0.0,0.0,0.0,0.0,0.0,0.0,1.0,0.0,0.0,0.0,1.0,0.0,0.0,0.0,0.0,0.0
2025-03-18,0.9167243475202161,0.46153846153846156,0.5788571428571428,0.5714285714285714,0.9651257112338532,0.8178989520538901,0.0,0.18089832181638696,0.008260646052477288,0.9742211726506946,0.01751818129682789,0.0,0.0,0.0,0.0,0.0,0.0,0.6711877414712396,1.0,0.0,0.5,1.0,1.0,0.0,0.0,0.0,0.0,0.0,0.0,0.0,0.0,0.0,1.0,0.0
2025-03-19,0.9343177705019579,0.6153846153846154,0.8574285714285714,0.5714285714285714,0.953931378721732,0.0,0.0,0.0,0.25896033122268464,0.6597760164632368,0.08126365231407855,0.0,0.8717798633407456,0.6,1.0,0.0,0.05303030303030303,0.0,0.0,0.0,0.0,0.0,0.0,0.0,0.0,1.0,0.0,0.0,1.0,0.0,0.0,0.0,0.0,0.0
2025-03-19,0.9343177705019579,0.6153846153846154,0.8574285714285714,0.5714285714285714,0.953931378721732,0.0,0.0,0.0,0.5623555411895854,0.24999028925796385,0.18765416955245076,0.0,0.8717798633407456,0.6,1.0,0.0,0.05303030303030303,0.0,0.0,0.0,0.0,0.0,0.0,0.0,0.0,1.0,0.0,0.0,1.0,0.0,0.0,0.0,0.0,0.0
2025-03-20,0.930257242974383,0.5384615384615384,0.7792857142857144,0.5714285714285714,0.9575532722560396,0.0,0.0,0.0,0.01690022550894976,0.9500872653807864,0.03301250911026391,0.0,0.0,0.0,0.0,0.0,0.0,0.45815690999132624,1.0,0.0,0.5,1.0,1.0,0.0,0.0,0.0,0.0,0.0,0.0,0.0,1.0,0.0,0.0,0.0
2025-03-21,0.9293091329879127,0.5384615384615384,0.7624285714285713,0.42857142857142855,0.9609770615939106,0.0,0.0,0.0,0.01690022550894976,0.9500872653807864,0.03301250911026391,0.0,0.0,0.0,0.0,0.0,0.0,0.6711877414712396,1.0,0.0,0.5,1.0,1.0,0.0,0.0,0.0,0.0,0.0,0.0,0.0,1.0,0.0,0.0,0.0
2025-03-22,0.9045726862655092,0.5384615384615384,0.45428571428571424,0.42857142857142855,0.9397906160057036,0.0,0.0,0.0,0.10660443149456021,0.6215678605622944,0.27182770794314537,0.0,0.8717798633407456,0.6,1.0,0.0,0.05303030303030303,0.0,0.0,0.0,0.0,0.0,0.0,0.0,1.0,0.0,0.0,0.0,1.0,0.0,0.0,0.0,0.0,0.0
2025-03-23,0.9195323104603892,0.6153846153846154,0.6141428571428571,0.42857142857142855,0.962221665118127,0.8724475046950689,0.0,0.33589206792277276,0.10660443149456021,0.6215678605622944,0.27182770794314537,0.0,0.0,0.0,0.0,0.0,0.0,0.2890648263178878,1.0,0.0,0.5,1.0,1.0,0.0,0.0,0.0,0.0,0.0,0.0,1.0,0.0,0.0,0.0,0.0
2025-03-24,0.9205015441265905,0.5384615384615384,0.627,0.42857142857142855,0.9636369738938674,0.8724475046950689,0.0,0.32900432900432897,0.10660443149456021,0.6215678605622944,0.27182770794314537,0.0,0.0,0.0,0.0,0.0,0.0,0.2890648263178878,1.0,0.0,0.5,1.0,1.0,0.0,0.0,0.0,0.0,0.0,0.0,1.0,0.0,0.0,0.0,0.0
2025-03-25,0.9186921473025297,0.6153846153846154,0.6032857142857142,0.5714285714285714,0.9588228202633039,0.8724475046950689,0.0,0.34193701160312573,0.10660443149456021,0.6215678605622944,0.27182770794314537,0.0,0.0,0.0,0.0,0.0,0.0,0.2890648263178878,1.0,0.0,0.5,1.0,1.0,0.0,0.0,0.0,0.0,0.0,0.0,1.0,0.0,0.0,0.0,0.0
2025-03-26,0.9275413895881347,0.6153846153846154,0.7322857142857142,0.5714285714285714,0.9560804984509962,0.8724475046950689,0.0,0.2817011314865392,0.028251980270474906,0.8886488164090306,0.0830992033204946,0.0,0.0,0.0,0.0,0.0,0.0,0.45815690999132624,1.0,0.0,1.0,1.0,1.0,0.0,0.0,0.0,0.0,0.0,0.0,1.0,0.0,0.0,0.0,0.0
2025-03-27,0.9157766821202338,0.46153846153846156,0.5675714285714285,0.42857142857142855,0.9565214047803334,0.8724475046950689,0.0,0.36345330984142965,0.028251980270474906,0.8886488164090306,0.0830992033204946,0.0,0.8853338676601061,0.2,0.3333333333333333,0.0,0.18181818181818182,0.45815690999132624,1.0,0.0,0.5,1.0,0.0,1.0,0.0,0.0,0.0,0.0,0.0,1.0,0.0,0.0,0.0,0.0
2025-03-28,0.9176356733599195,0.46153846153846156,0.59,0.42857142857142855,0.9593876520576834,0.8724475046950689,0.0,0.349636803874092,0.028251980270474906,0.8886488164090306,0.0830992033204946,0.0,0.0,0.0,0.0,0.0,0.0,0.5781296526357756,1.0,0.0,1.0,1.0,1.0,0.0,0.0,0.0,0.0,0.0,0.0,1.0,0.0,0.0,0.0,0.0
2025-03-29,0.9554332803203136,0.6153846153846154,1.4898571428571428,0.42857142857142855,0.9674764402456474,0.9550674713416448,0.0,0.6922044299549334,0.028251980270474906,0.8886488164090306,0.0830992033204946,0.0,0.0,0.0,0.0,0.0,0.0,0.2890648263178878,1.0,0.0,0.5,1.0,1.0,0.0,0.0,0.0,0.0,0.0,0.0,1.0,0.0,0.0,0.0,0.0
2025-03-30,0.8965224221740995,0.46153846153846156,0.3912857142857143,0.2857142857142857,0.9603027107981024,0.0,0.0,0.0,0.028251980270474906,0.8886488164090306,0.0830992033204946,0.0,0.0,0.0,0.0,0.0,0.0,0.2890648263178878,1.0,0.0,0.5,1.0,1.0,0.0,0.0,0.0,0.0,0.0,0.0,1.0,0.0,0.0,0.0,0.0
2025-03-31,0.9318104068921661,0.6153846153846154,0.808,0.7142857142857143,0.9657226424894038,0.878059098174471,0.0,0.2772277227722772,0.04100864397536651,0.8964234079368404,0.06256794808779297,0.0,0.8332437206106266,0.2,0.3333333333333333,0.0,0.11363636363636363,0.45815690999132624,0.0,1.0,0.5,1.0,0.0,0.0,1.0,0.0,0.0,0.0,0.0,0.0,0.0,0.0,0.0,1.0
2025-04-01,0.9659443853841208,0.6923076923076923,2.383166666666667,0.5714285714285714,0.9099265395066122,0.9473173177424177,0.0,0.4140149660815441,0.0,0.0,0.0,1.0,0.9504991666626191,0.4,0.6666666666666666,0.8888888888888888,0.20454545454545456,0.6711877414712396,1.0,0.0,0.5,1.0,0.0,0.0,0.0,0.0,1.0,0.0,0.0,0.0,0.0,1.0,0.0,0.0
2025-04-02,0.9151016329025345,0.5384615384615384,0.653,0.5714285714285714,0.9247763859873073,0.0,0.0,0.0,0.05087066218391721,0.8609008299498612,0.08822850786622162,0.0,0.9425975662124182,0.6,0.6666666666666666,0.0,0.1212121212121212,0.0,0.0,0.0,0.0,0.0,0.0,0.0,0.0,1.0,0.0,0.0,1.0,0.0,0.0,0.0,0.0,0.0
2025-04-03,0.9185800711093057,0.8461538461538461,0.7021666666666667,1.0,0.9540133917708974,0.8328429310624584,0.2,0.20555423688582958,0.028701234699396283,0.9381457006907217,0.03315306460988189,0.0,0.8717798633407456,1.0,0.6666666666666666,0.0,0.031818181818181815,0.5781296526357756,1.0,0.0,1.0,1.0,0.0,0.0,1.0,0.0,0.0,0.0,0.0,0.0,0.0,0.0,0.0,1.0
2025-04-04,0.9135829377479937,0.3076923076923077,0.6329999999999999,0.42857142857142855,0.9463407332016663,0.8846204934437291,0.0,0.4562927856766719,0.028701234699396283,0.9381457006907217,0.03315306460988189,0.0,0.0,0.0,0.0,0.0,0.0,0.6711877414712396,0.0,1.0,0.5,1.0,1.0,0.0,0.0,0.0,0.0,0.0,0.0,0.0,1.0,0.0,0.0,0.0
2025-04-05,0.8934302465041938,0.38461538461538464,0.43200000000000005,0.2857142857142857,0.9577007935544838,0.0,0.0,0.0,0.028701234699396283,0.9381457006907217,0.03315306460988189,0.0,0.0,0.0,0.0,0.0,0.0,0.0,0.0,0.0,0.0,0.0,1.0,0.0,0.0,0.0,0.0,0.0,1.0,0.0,0.0,0.0,0.0,0.0
2025-04-06,0.92004186314692,0.6923076923076923,0.7243333333333334,0.5714285714285714,0.9734989625931784,0.0,0.2,0.0,0.047511254183080366,0.21860559483143052,0.7338831509854892,0.0,0.8788987143332061,0.8,0.3333333333333333,0.0,0.04261363636363636,0.0,0.0,0.0,0.0,0.0,0.0,0.0,1.0,0.0,0.0,0.0,1.0,0.0,0.0,0.0,0.0,0.0
2025-04-07,0.9068287388392565,0.15384615384615385,0.5535,0.2857142857142857,0.9689560522996351,0.0,0.0,0.0,0.047511254183080366,0.21860559483143052,0.7338831509854892,0.0,0.0,0.0,0.0,0.0,0.0,0.0,0.0,0.0,0.0,0.0,1.0,0.0,0.0,0.0,0.0,0.0,1.0,0.0,0.0,0.0,0.0,0.0
2025-04-08,0.905789418857813,0.3076923076923077,0.5425,0.2857142857142857,0.9680847244197697,0.0,0.0,0.0,0.0820881033423373,0.2957624422622728,0.6221494543953898,0.0,0.0,0.0,0.0,0.0,0.0,0.0,0.0,0.0,0.0,0.0,1.0,0.0,0.0,0.0,0.0,0.0,1.0,0.0,0.0,0.0,0.0,0.0
2025-04-09,0.9068287388392565,0.3076923076923077,0.5535,0.2857142857142857,0.9689560522996351,0.0,0.0,0.0,0.07655070035178844,0.3163943806648061,0.6070549189834055,0.0,0.0,0.0,0.0,0.0,0.0,0.6711877414712396,1.0,0.0,1.0,1.0,1.0,0.0,0.0,0.0,0.0,0.0,0.0,1.0,0.0,0.0,0.0,0.0
2025-04-10,0.9039075226701424,0.38461538461538464,0.5233333333333333,0.2857142857142857,0.9665062753899469,0.0,0.0,0.0,0.13929039253262038,0.7527277315953984,0.10798187587198124,0.0,0.39209054369044816,0.2,0.3333333333333333,0.0,0.011363636363636364,0.0,0.0,0.0,0.0,0.0,0.0,1.0,0.0,0.0,0.0,0.0,1.0,0.0,0.0,0.0,0.0,0.0
2025-04-11,0.9359129168196926,0.7692307692307693,1.0395,0.5714285714285714,0.9675037262492897,0.0,0.0,0.0,0.13929039253262038,0.7527277315953984,0.10798187587198124,0.0,0.0,0.0,0.0,0.0,0.0,0.0,0.0,0.0,0.0,0.0,1.0,0.0,0.0,0.0,0.0,0.0,1.0,0.0,0.0,0.0,0.0,0.0
2025-04-12,0.9317197730121943,0.5384615384615384,0.9406666666666667,0.5714285714285714,0.9801252973839988,0.0,0.0,0.0,0.13979220083661897,0.21178823047113451,0.6484195686922465,0.0,0.39209054369044816,0.2,0.3333333333333333,0.0,0.011363636363636364,0.0,0.0,0.0,0.0,0.0,0.0,0.0,1.0,0.0,0.0,0.0,1.0,0.0,0.0,0.0,0.0,0.0
2025-04-13,0.914564810843432,0.23076923076923078,0.6458333333333334,0.42857142857142855,0.97387813839699,0.0,0.2,0.0,0.13979220083661897,0.21178823047113451,0.6484195686922465,0.0,0.0,0.0,0.0,0.0,0.0,0.0,0.0,0.0,0.0,0.0,1.0,0.0,0.0,0.0,0.0,0.0,1.0,0.0,0.0,0.0,0.0,0.0
2025-04-14,0.9247208008996506,0.38461538461538464,0.802,0.42857142857142855,0.9776113580256706,0.0,0.2,0.0,0.014176305017169207,0.9638174570793827,0.022006237903448123,0.0,0.8038795515653303,0.2,0.3333333333333333,0.0,0.09090909090909091,0.0,0.0,0.0,0.0,0.0,0.0,0.0,1.0,0.0,0.0,0.0,1.0,0.0,0.0,0.0,0.0,0.0
2025-04-15,0.918859587467792,0.6153846153846154,0.7063333333333334,0.5714285714285714,0.9304426870539566,0.8724475046950689,0.2,0.340726757904672,0.0,0.0,0.0,1.0,0.6911651816679192,0.2,0.3333333333333333,0.0,0.045454545454545456,0.0,0.0,0.0,0.0,0.0,0.0,0.0,1.0,0.0,0.0,0.0,1.0,0.0,0.0,0.0,0.0,0.0
2025-04-16,0.0,0.0,0.0,0.0,0.0,0.0,0.0,0.0,0.0,0.0,0.0,1.0,1.0,0.6,0.3333333333333333,0.6521739130434783,0.3484848484848485,0.45815690999132624,0.0,1.0,0.5,1.0,0.0,0.0,0.0,0.0,1.0,0.0,0.0,0.0,0.0,0.0,0.0,1.0
2025-04-17,0.0,0.0,0.0,0.0,0.0,0.0,0.0,0.0,0.0,0.0,0.0,1.0,0.8332437206106266,0.2,0.3333333333333333,0.0,0.11363636363636363,0.0,0.0,0.0,0.0,0.0,0.0,0.0,0.0,0.0,0.0,1.0,1.0,0.0,0.0,0.0,0.0,0.0
2025-04-18,0.0,0.0,0.0,0.0,0.0,0.0,0.0,0.0,0.0,0.0,0.0,1.0,0.8965426711588781,0.2,0.3333333333333333,0.0,0.20454545454545456,0.0,0.0,0.0,0.0,0.0,0.0,0.0,0.0,0.0,0.0,1.0,1.0,0.0,0.0,0.0,0.0,0.0
2025-04-19,0.0,0.0,0.0,0.0,0.0,0.0,0.0,0.0,0.0,0.0,0.0,1.0,0.0,0.0,0.0,0.0,0.0,0.0,0.0,0.0,0.0,0.0,1.0,0.0,0.0,0.0,0.0,0.0,1.0,0.0,0.0,0.0,0.0,0.0
2025-04-20,0.0,0.0,0.0,0.0,0.0,0.0,0.0,0.0,0.0,0.0,0.0,1.0,0.8965426711588781,0.2,0.3333333333333333,0.0,0.20454545454545456,0.0,0.0,0.0,0.0,0.0,0.0,0.0,0.0,0.0,0.0,1.0,1.0,0.0,0.0,0.0,0.0,0.0
2025-04-21,0.0,0.0,0.0,0.0,0.0,0.0,0.0,0.0,0.0,0.0,0.0,1.0,0.0,0.0,0.0,0.0,0.0,0.0,0.0,0.0,0.0,0.0,1.0,0.0,0.0,0.0,0.0,0.0,1.0,0.0,0.0,0.0,0.0,0.0
2025-04-22,0.8884664540302533,0.07692307692307693,0.39633333333333337,0.14285714285714285,0.0,0.0,0.0,0.0,0.0,0.0,0.0,1.0,0.8853338676601061,0.4,0.3333333333333333,0.0,0.09090909090909091,0.45815690999132624,1.0,0.0,0.5,1.0,0.0,0.0,0.0,0.0,0.0,1.0,0.0,0.0,0.0,1.0,0.0,0.0
2025-04-23,0.8772153610336206,0.15384615384615385,0.32933333333333337,0.2857142857142857,0.8437183098709449,0.0,0.0,0.0,0.0,0.0,0.0,1.0,0.0,0.0,0.0,0.0,0.0,0.0,0.0,0.0,0.0,0.0,1.0,0.0,0.0,0.0,0.0,0.0,1.0,0.0,0.0,0.0,0.0,0.0
2025-04-24,0.9320208858523872,0.07692307692307693,0.9473333333333334,0.14285714285714285,0.0,0.0,0.0,0.0,0.0,0.0,0.0,1.0,0.0,0.0,0.0,0.0,0.0,0.0,0.0,0.0,0.0,0.0,1.0,0.0,0.0,0.0,0.0,0.0,1.0,0.0,0.0,0.0,0.0,0.0
2025-04-25,0.8692211329894157,0.23076923076923078,0.29100000000000004,0.2857142857142857,0.9045269145036825,0.8143808452753665,0.0,0.4043528064146621,0.0,0.0,0.0,1.0,0.761132834939874,0.4,0.3333333333333333,0.0,0.03409090909090909,0.45815690999132624,1.0,0.0,0.5,1.0,0.0,0.0,0.0,0.0,0.0,1.0,0.0,0.0,0.0,1.0,0.0,0.0
2025-04-26,0.0,0.0,0.0,0.0,0.0,0.0,0.0,0.0,0.0,0.0,0.0,1.0,0.0,0.0,0.0,0.0,0.0,0.0,0.0,0.0,0.0,0.0,1.0,0.0,0.0,0.0,0.0,0.0,1.0,0.0,0.0,0.0,0.0,0.0
2025-04-27,0.7853151195708179,0.07692307692307693,0.10533333333333333,0.14285714285714285,0.8648675718726548,0.0,0.0,0.0,0.0,0.0,0.0,1.0,0.761132834939874,0.4,0.3333333333333333,0.0,0.03409090909090909,0.9163138199826525,1.0,0.0,0.5,1.0,0.0,0.0,0.0,0.0,0.0,1.0,0.0,0.0,0.0,1.0,0.0,0.0
2025-04-28,0.9656225429454621,0.38461538461538464,2.359166666666667,0.5714285714285714,0.8466079520763761,0.0,0.2,0.0,0.0,0.0,0.0,1.0,0.0,0.0,0.0,0.0,0.0,0.0,0.0,0.0,0.0,0.0,1.0,0.0,0.0,0.0,0.0,0.0,1.0,0.0,0.0,0.0,0.0,0.0
2025-04-29,0.963055088925623,0.15384615384615385,2.1784999999999997,0.2857142857142857,0.0,0.9703733114929194,0.0,0.8527274118277103,0.0,0.0,0.0,1.0,0.0,0.0,0.0,0.0,0.0,0.0,0.0,0.0,0.0,0.0,1.0,0.0,0.0,0.0,0.0,0.0,1.0,0.0,0.0,0.0,0.0,0.0
2025-04-30,0.9913324228712904,0.3076923076923077,5.8998333333333335,0.42857142857142855,0.0,0.9993335817803858,0.2,0.8732167575355236,0.0,0.0,0.0,1.0,0.0,0.0,0.0,0.0,0.0,0.0,0.0,0.0,0.0,0.0,1.0,0.0,0.0,0.0,0.0,0.0,1.0,0.0,0.0,0.0,0.0,0.0
2025-05-01,0.830959762041853,0.07692307692307693,0.17333333333333334,0.14285714285714285,0.9045269145036825,0.0,0.0,0.0,0.0,0.0,0.0,1.0,0.0,0.0,0.0,0.0,0.0,0.0,0.0,0.0,0.0,0.0,1.0,0.0,0.0,0.0,0.0,0.0,1.0,0.0,0.0,0.0,0.0,0.0
2025-05-02,0.9108726326959298,0.23076923076923078,0.5993333333333334,0.42857142857142855,0.0,0.0,0.0,0.0,0.0,0.0,0.0,1.0,0.0,0.0,0.0,0.0,0.0,0.0,0.0,0.0,0.0,0.0,1.0,0.0,0.0,0.0,0.0,0.0,1.0,0.0,0.0,0.0,0.0,0.0
2025-05-03,0.9350474465196911,0.3076923076923077,1.018,0.2857142857142857,0.9524213647424923,0.0,0.0,0.0,0.0,0.0,0.0,1.0,0.9178116565715949,0.4,0.3333333333333333,0.0,0.13068181818181818,0.0,0.0,0.0,0.0,0.0,0.0,0.0,0.0,0.0,0.0,1.0,1.0,0.0,0.0,0.0,0.0,0.0
2025-05-04,0.0,0.0,0.0,0.0,0.0,0.0,0.0,0.0,0.0,0.0,0.0,1.0,0.0,0.0,0.0,0.0,0.0,0.6711877414712396,1.0,0.0,0.5,1.0,1.0,0.0,0.0,0.0,0.0,0.0,0.0,0.0,1.0,0.0,0.0,0.0
2025-05-05,0.0,0.0,0.0,0.0,0.0,0.0,0.0,0.0,0.0,0.0,0.0,1.0,0.8038795515653303,0.4,0.3333333333333333,0.0,0.045454545454545456,0.6711877414712396,1.0,0.0,0.5,1.0,0.0,0.0,0.0,0.0,0.0,1.0,0.0,0.0,1.0,0.0,0.0,0.0
2025-05-06,0.8663277001286797,0.07692307692307693,0.2786666666666667,0.14285714285714285,0.9347780071600047,0.0,0.0,0.0,0.0,0.0,0.0,1.0,0.0,0.0,0.0,0.0,0.0,0.0,0.0,0.0,0.0,0.0,1.0,0.0,0.0,0.0,0.0,0.0,1.0,0.0,0.0,0.0,0.0,0.0
2025-05-07,0.8981882586360317,0.3076923076923077,0.47050000000000003,0.14285714285714285,0.9617033347462757,0.0,0.0,0.0,0.0,0.0,0.0,1.0,0.0,0.0,0.0,0.0,0.0,0.45815690999132624,1.0,0.0,0.5,1.0,1.0,0.0,0.0,0.0,0.0,0.0,0.0,0.0,1.0,0.0,0.0,0.0
2025-05-08,0.0,0.0,0.0,0.0,0.0,0.0,0.0,0.0,0.0,0.0,0.0,1.0,0.0,0.0,0.0,0.0,0.0,0.0,0.0,0.0,0.0,0.0,1.0,0.0,0.0,0.0,0.0,0.0,1.0,0.0,0.0,0.0,0.0,0.0
2025-05-09,0.0,0.0,0.0,0.0,0.0,0.0,0.0,0.0,0.0,0.0,0.0,1.0,0.0,0.0,0.0,0.0,0.0,0.0,0.0,0.0,0.0,0.0,1.0,0.0,0.0,0.0,0.0,0.0,1.0,0.0,0.0,0.0,0.0,0.0
2025-05-10,0.970305211242515,0.3076923076923077,2.741833333333333,0.5714285714285714,0.9453903990459162,0.0,0.0,0.0,0.92483726235863,0.04756008492382499,0.027602652717545032,0.0,0.8038795515653303,0.2,0.3333333333333333,0.0,0.09090909090909091,0.0,0.0,0.0,0.0,0.0,0.0,0.0,0.0,0.0,0.0,1.0,1.0,0.0,0.0,0.0,0.0,0.0
2025-05-11,0.9100414728703091,0.3076923076923077,0.5894999999999999,0.2857142857142857,0.9716476758235567,0.0,0.0,0.0,0.8946767025769432,0.05084793243125141,0.054475364991805185,0.0,0.5481604781084608,0.2,0.3333333333333333,0.0,0.022727272727272728,0.6711877414712396,1.0,0.0,0.5,1.0,0.0,0.0,0.0,0.0,0.0,1.0,0.0,0.0,1.0,0.0,0.0,0.0
2025-05-12,0.9401559215398065,0.38461538461538464,1.1541666666666666,0.42857142857142855,0.9729439497573321,0.9116617313309137,0.0,0.3969675090252707,0.0,0.0,0.0,1.0,0.5481604781084608,0.2,0.3333333333333333,0.0,0.022727272727272728,0.9163138199826525,1.0,0.0,0.5,1.0,0.0,0.0,0.0,0.0,0.0,1.0,0.0,0.0,1.0,0.0,0.0,0.0
2025-05-13,0.9270294740990673,0.23076923076923078,0.8445,0.2857142857142857,0.9522495178608567,0.9116617313309137,0.0,0.5425300967041642,0.0,0.0,0.0,1.0,0.0,0.0,0.0,0.0,0.0,0.9163138199826525,1.0,0.0,0.5,0.0,1.0,0.0,0.0,0.0,0.0,0.0,0.0,0.0,1.0,0.0,0.0,0.0
2025-05-14,0.9270294740990673,0.23076923076923078,0.8445,0.2857142857142857,0.9522495178608567,0.9116617313309137,0.0,0.5425300967041642,0.0,0.0,0.0,1.0,0.0,0.0,0.0,0.0,0.0,0.9163138199826525,1.0,0.0,0.5,0.0,1.0,0.0,0.0,0.0,0.0,0.0,0.0,0.0,1.0,0.0,0.0,0.0
2025-05-15,0.9270294740990673,0.23076923076923078,0.8445,0.2857142857142857,0.9522495178608567,0.9116617313309137,0.0,0.5425300967041642,0.0,0.0,0.0,1.0,0.0,0.0,0.0,0.0,0.0,0.9163138199826525,1.0,0.0,0.5,0.0,1.0,0.0,0.0,0.0,0.0,0.0,0.0,0.0,1.0,0.0,0.0,0.0
2025-05-16,0.9499148234233982,0.3076923076923077,1.4898333333333333,0.42857142857142855,0.9582664580344887,0.9116617313309137,0.0,0.3075288063541783,0.0,0.0,0.0,1.0,0.5481604781084608,0.2,0.3333333333333333,0.0,0.022727272727272728,0.9163138199826525,1.0,0.0,0.5,0.0,0.0,0.0,0.0,0.0,1.0,0.0,0.0,0.0,1.0,0.0,0.0,0.0
2025-05-17,0.9011436141858707,0.3076923076923077,0.49683333333333335,0.42857142857142855,0.9213735064064661,0.0,0.2,0.0,0.0,0.0,0.0,1.0,0.8038795515653303,0.2,0.3333333333333333,0.0,0.09090909090909091,0.2890648263178878,1.0,0.0,0.5,1.0,0.0,0.0,0.0,0.0,0.0,1.0,0.0,0.0,1.0,0.0,0.0,0.0
2025-05-18,0.944449394807768,0.3076923076923077,1.288,0.5714285714285714,0.9692540686703754,0.7662412371069872,0.0,0.05771221532091097,0.04862503139974135,0.8730969597361482,0.07827800886411053,0.0,0.8717798633407456,0.2,0.3333333333333333,0.0,0.1590909090909091,0.2890648263178878,1.0,0.0,0.5,1.0,0.0,0.0,0.0,0.0,0.0,1.0,0.0,0.0,1.0,0.0,0.0,0.0
2025-05-19,0.8844390005134475,0.23076923076923078,0.3703333333333333,0.2857142857142857,0.9501198171781716,0.0,0.0,0.0,0.01787909826141721,0.9542852020527983,0.02783569968578466,0.0,0.0,0.0,0.0,0.0,0.0,0.0,0.0,0.0,0.0,0.0,1.0,0.0,0.0,0.0,0.0,0.0,1.0,0.0,0.0,0.0,0.0,0.0
2025-05-20,0.90841024831619,0.23076923076923078,0.5708333333333333,0.42857142857142855,0.9487215328035624,0.862899019409907,0.0,0.36875912408759126,0.01787909826141721,0.9542852020527983,0.02783569968578466,0.0,0.0,0.0,0.0,0.0,0.0,0.2890648263178878,1.0,0.0,0.5,1.0,1.0,0.0,0.0,0.0,0.0,0.0,0.0,1.0,0.0,0.0,0.0,0.0
2025-05-21,0.8924794945090524,0.23076923076923078,0.4248333333333333,0.2857142857142857,0.9569002458009476,0.0,0.0,0.0,0.01787909826141721,0.9542852020527983,0.02783569968578466,0.0,0.6911651816679192,0.4,0.3333333333333333,0.0,0.022727272727272728,0.0,0.0,0.0,0.0,0.0,0.0,0.0,0.0,0.0,0.0,1.0,1.0,0.0,0.0,0.0,0.0,0.0
2025-05-22,0.9556933122192125,0.46153846153846156,1.7511666666666665,0.7142857142857143,0.9845683773501748,0.0,0.0,0.0,0.7909249540338235,0.09766550002121177,0.11140954594496474,0.0,0.8038795515653303,0.2,0.3333333333333333,0.0,0.09090909090909091,0.45815690999132624,1.0,0.0,0.5,1.0,0.0,0.0,0.0,0.0,0.0,1.0,0.0,0.0,0.0,1.0,0.0,0.0
2025-05-23,0.9143376782194762,0.23076923076923078,0.6428333333333334,0.42857142857142855,0.9736221622499809,0.0,0.2,0.0,0.7909249540338235,0.09766550002121177,0.11140954594496474,0.0,0.0,0.0,0.0,0.0,0.0,0.9163138199826525,1.0,0.0,0.5,1.0,1.0,0.0,0.0,0.0,0.0,0.0,0.0,0.0,0.0,1.0,0.0,0.0
2025-05-24,0.9608862722086599,0.5384615384615384,2.0396666666666667,0.5714285714285714,0.9835262784311927,0.0,0.2,0.0,0.90437312891383,0.053847717766719545,0.04177915331945036,0.0,0.9060117431033616,0.2,0.3333333333333333,0.0,0.22727272727272727,0.0,0.0,0.0,0.0,0.0,0.0,0.0,0.0,0.0,0.0,1.0,1.0,0.0,0.0,0.0,0.0,0.0
2025-05-25,0.9048355415329861,0.15384615384615385,0.5326666666666667,0.2857142857142857,0.9672847742654234,0.0,0.0,0.0,0.90437312891383,0.053847717766719545,0.04177915331945036,0.0,0.0,0.0,0.0,0.0,0.0,0.0,0.0,0.0,0.0,0.0,1.0,0.0,0.0,0.0,0.0,0.0,1.0,0.0,0.0,0.0,0.0,0.0
2025-05-26,0.9805305989657924,0.15384615384615385,3.9011666666666667,0.2857142857142857,0.9093764857469313,0.990948247952289,0.0,0.9523646772333062,0.90437312891383,0.053847717766719545,0.04177915331945036,0.0,0.0,0.0,0.0,0.0,0.0,0.9163138199826525,0.0,1.0,0.5,1.0,1.0,0.0,0.0,0.0,0.0,0.0,0.0,0.0,0.0,1.0,0.0,0.0
2025-05-27,0.9805305989657924,0.15384615384615385,3.9011666666666667,0.2857142857142857,0.9093764857469313,0.990948247952289,0.0,0.9523646772333062,0.90437312891383,0.053847717766719545,0.04177915331945036,0.0,0.0,0.0,0.0,0.0,0.0,0.9163138199826525,0.0,1.0,0.5,0.0,1.0,0.0,0.0,0.0,0.0,0.0,0.0,0.0,0.0,1.0,0.0,0.0
2025-05-28,0.983087059328114,0.3076923076923077,4.284999999999999,0.42857142857142855,0.9701939352164521,0.990948247952289,0.0,0.8670556203811747,0.90437312891383,0.053847717766719545,0.04177915331945036,0.0,0.0,0.0,0.0,0.0,0.0,0.9163138199826525,0.0,1.0,0.5,0.0,1.0,0.0,0.0,0.0,0.0,0.0,0.0,0.0,0.0,1.0,0.0,0.0
2025-05-29,0.9805305989657924,0.15384615384615385,3.9011666666666667,0.2857142857142857,0.9093764857469313,0.990948247952289,0.0,0.9523646772333062,0.90437312891383,0.053847717766719545,0.04177915331945036,0.0,0.0,0.0,0.0,0.0,0.0,0.9163138199826525,0.0,1.0,0.5,0.0,1.0,0.0,0.0,0.0,0.0,0.0,0.0,0.0,0.0,1.0,0.0,0.0
2025-05-30,0.9805305989657924,0.15384615384615385,3.9011666666666667,0.2857142857142857,0.9093764857469313,0.990948247952289,0.0,0.9523646772333062,0.90437312891383,0.053847717766719545,0.04177915331945036,0.0,0.0,0.0,0.0,0.0,0.0,0.9163138199826525,0.0,1.0,0.5,0.0,1.0,0.0,0.0,0.0,0.0,0.0,0.0,0.0,0.0,1.0,0.0,0.0
2025-05-31,0.8365981382375587,0.07692307692307693,0.18583333333333335,0.14285714285714285,0.9093764857469313,0.0,0.0,0.0,0.90437312891383,0.053847717766719545,0.04177915331945036,0.0,0.0,0.0,0.0,0.0,0.0,0.9163138199826525,0.0,1.0,0.5,0.0,1.0,0.0,0.0,0.0,0.0,0.0,0.0,0.0,0.0,1.0,0.0,0.0
2025-06-01,0.8781931786208265,0.15384615384615385,0.250875,0.2857142857142857,0.9448400007714309,0.0,0.0,0.0,0.90437312891383,0.053847717766719545,0.04177915331945036,0.0,0.0,0.0,0.0,0.0,0.0,0.0,0.0,0.0,0.0,0.0,1.0,0.0,0.0,0.0,0.0,0.0,1.0,0.0,0.0,0.0,0.0,0.0
2025-06-02,0.942426183871597,0.3076923076923077,0.9168749999999999,0.42857142857142855,0.9640650326260022,0.0,0.0,0.0,0.08362088255520374,0.2248863279873609,0.6914927894574353,0.0,0.9504991666626191,0.2,0.3333333333333333,0.0,0.4090909090909091,0.0,0.0,0.0,0.0,0.0,0.0,0.0,0.0,0.0,0.0,1.0,1.0,0.0,0.0,0.0,0.0,0.0
2025-06-03,0.9750927003302222,0.38461538461538464,2.415,0.42857142857142855,0.9640650326260022,0.9822551980170793,0.0,0.8461180124223603,0.08362088255520374,0.2248863279873609,0.6914927894574353,0.0,0.0,0.0,0.0,0.0,0.0,0.9163138199826525,0.0,1.0,0.5,1.0,1.0,0.0,0.0,0.0,0.0,0.0,0.0,0.0,0.0,1.0,0.0,0.0
2025-06-04,0.9265183410783734,0.3076923076923077,0.626125,0.42857142857142855,0.9775918220050036,0.0,0.0,0.0,0.08362088255520374,0.2248863279873609,0.6914927894574353,0.0,0.0,0.0,0.0,0.0,0.0,0.0,0.0,0.0,0.0,0.0,1.0,0.0,0.0,0.0,0.0,0.0,1.0,0.0,0.0,0.0,0.0,0.0
2025-06-05,0.9444543678117978,0.38461538461538464,0.9661249999999999,0.42857142857142855,0.9810148836035119,0.9206178673073578,0.0,0.4229525164963126,0.08362088255520374,0.2248863279873609,0.6914927894574353,0.0,0.8038795515653303,0.4,0.3333333333333333,0.0,0.045454545454545456,0.45815690999132624,1.0,0.0,0.5,1.0,0.0,0.0,0.0,0.0,0.0,1.0,0.0,0.0,0.0,1.0,0.0,0.0
2025-06-06,0.9369152945899485,0.23076923076923078,0.798875,0.42857142857142855,0.9516194884785566,0.0,0.0,0.0,0.8813226490133376,0.0725780472604276,0.04609930372623499,0.0,0.9060117431033616,0.2,0.3333333333333333,0.0,0.22727272727272727,0.45815690999132624,1.0,0.0,0.5,1.0,0.0,0.0,0.0,0.0,0.0,1.0,0.0,0.0,1.0,0.0,0.0,0.0
2025-06-07,0.8698241419206846,0.23076923076923078,0.22025,0.42857142857142855,0.9220757975234724,0.756023207639123,0.0,0.2321225879682179,0.8813226490133376,0.0725780472604276,0.04609930372623499,0.0,0.0,0.0,0.0,0.0,0.0,0.9163138199826525,1.0,0.0,0.5,1.0,1.0,0.0,0.0,0.0,0.0,0.0,0.0,0.0,1.0,0.0,0.0,0.0
2025-06-08,0.9555436038616202,0.5384615384615384,1.30775,0.5714285714285714,0.9871648207535085,0.0,0.0,0.0,0.6998988262263715,0.08986244999794328,0.21023872377568517,0.0,0.9060117431033616,0.2,0.3333333333333333,0.0,0.22727272727272727,0.2890648263178878,1.0,0.0,0.5,1.0,0.0,0.0,0.0,0.0,0.0,1.0,0.0,0.0,0.0,0.0,1.0,0.0
2025-06-09,0.9395983901431983,0.6923076923076923,0.8536249999999999,0.7142857142857143,0.9792716066147654,0.0,0.6,0.0,0.01350955200036995,0.9251997221840922,0.0612907258155377,0.0,0.8332437206106266,0.2,0.3333333333333333,0.0,0.11363636363636363,0.0,0.0,0.0,0.0,0.0,0.0,0.0,0.0,0.0,0.0,1.0,1.0,0.0,0.0,0.0,0.0,0.0
2025-06-10,0.9376242489119205,0.5384615384615384,0.812875,0.7142857142857143,0.972436720177915,0.9070883963661055,0.2,0.38858988159311086,0.01350955200036995,0.9251997221840922,0.0612907258155377,0.0,0.0,0.0,0.0,0.0,0.0,0.45815690999132624,0.0,1.0,0.5,1.0,1.0,0.0,0.0,0.0,0.0,0.0,0.0,0.0,0.0,1.0,0.0,0.0
2025-06-11,0.9195650605740612,0.3076923076923077,0.53775,0.42857142857142855,0.9602174475853053,0.878059098174471,0.0,0.36448163644816367,0.01350955200036995,0.9251997221840922,0.0612907258155377,0.0,0.0,0.0,0.0,0.0,0.0,0.9163138199826525,1.0,0.0,0.5,1.0,1.0,0.0,0.0,0.0,0.0,0.0,0.0,0.0,0.0,1.0,0.0,0.0
2025-06-12,0.918002808513673,0.3076923076923077,0.52025,0.42857142857142855,0.9745249308906112,0.0,0.2,0.0,0.01350955200036995,0.9251997221840922,0.0612907258155377,0.0,0.0,0.0,0.0,0.0,0.0,0.0,0.0,0.0,0.0,0.0,1.0,0.0,0.0,0.0,0.0,0.0,1.0,0.0,0.0,0.0,0.0,0.0
2025-06-13,0.9585844720699819,0.7692307692307693,1.4285,1.0,0.9657082148669704,0.8092315501921293,0.2,0.05854042702135107,0.8866708668144224,0.07691218567491052,0.0364169475106671,0.0,0.6911651816679192,0.2,0.3333333333333333,0.0,0.045454545454545456,0.6711877414712396,1.0,0.0,0.5,1.0,0.0,0.0,0.0,0.0,0.0,1.0,0.0,0.0,0.0,1.0,0.0,0.0
2025-06-14,0.9100414728703091,0.38461538461538464,0.442125,0.5714285714285714,0.9657082148669704,0.0,0.0,0.0,0.8866708668144224,0.07691218567491052,0.0364169475106671,0.0,0.0,0.0,0.0,0.0,0.0,0.9163138199826525,1.0,0.0,0.5,1.0,1.0,0.0,0.0,0.0,0.0,0.0,0.0,0.0,0.0,1.0,0.0,0.0
2025-06-15,0.945215029986338,0.5384615384615384,0.9855,0.7142857142857143,0.9692540686703754,0.0,0.0,0.0,0.8866708668144224,0.07691218567491052,0.0364169475106671,0.0,0.0,0.0,0.0,0.0,0.0,0.9163138199826525,1.0,0.0,0.5,1.0,1.0,0.0,0.0,0.0,0.0,0.0,0.0,0.0,0.0,1.0,0.0,0.0
2025-06-16,0.9068442678047347,0.3076923076923077,0.41525,0.42857142857142855,0.9657082148669704,0.0,0.0,0.0,0.8866708668144224,0.07691218567491052,0.0364169475106671,0.0,0.0,0.0,0.0,0.0,0.0,0.9163138199826525,1.0,0.0,0.5,1.0,1.0,0.0,0.0,0.0,0.0,0.0,0.0,0.0,0.0,1.0,0.0,0.0
2025-06-17,0.8581838667274814,0.07692307692307693,0.18575,0.14285714285714285,0.9278473508082,0.0,0.0,0.0,0.8866708668144224,0.07691218567491052,0.0364169475106671,0.0,0.0,0.0,0.0,0.0,0.0,0.6711877414712396,1.0,0.0,0.5,1.0,1.0,0.0,0.0,0.0,0.0,0.0,0.0,0.0,0.0,1.0,0.0,0.0
2025-06-18,0.9706070665079187,0.46153846153846156,2.0768750000000002,0.7142857142857143,0.9669673468639408,0.8502938913180198,0.2,0.06439963888052963,0.82484687914215,0.08417771191122425,0.0909754089466257,0.0,0.0,0.0,0.0,0.0,0.0,0.6711877414712396,1.0,0.0,0.5,1.0,1.0,0.0,0.0,0.0,0.0,0.0,0.0,0.0,0.0,1.0,0.0,0.0
2025-06-19,0.9025763224115169,0.23076923076923078,0.38275000000000003,0.42857142857142855,0.9538285909921633,0.0,0.0,0.0,0.82484687914215,0.08417771191122425,0.0909754089466257,0.0,0.8965426711588781,0.4,0.3333333333333333,0.0,0.10227272727272728,0.0,0.0,0.0,0.0,0.0,0.0,0.0,0.0,0.0,0.0,1.0,1.0,0.0,0.0,0.0,0.0,0.0
2025-06-20,0.9599196251362968,0.15384615384615385,1.486125,0.2857142857142857,0.9527413412971495,0.9651624839157509,0.0,0.8030952981747834,0.82484687914215,0.08417771191122425,0.0909754089466257,0.0,0.0,0.0,0.0,0.0,0.0,0.6711877414712396,0.0,1.0,0.5,1.0,1.0,0.0,0.0,0.0,0.0,0.0,0.0,0.0,0.0,1.0,0.0,0.0
2025-06-21,0.9575970907842621,0.38461538461538464,1.38775,0.42857142857142855,0.9789377963519061,0.9531965921158618,0.0,0.6190776436678077,0.82484687914215,0.08417771191122425,0.0909754089466257,0.0,0.0,0.0,0.0,0.0,0.0,0.45815690999132624,0.0,1.0,0.5,1.0,1.0,0.0,0.0,0.0,0.0,0.0,0.0,0.0,0.0,1.0,0.0,0.0
2025-06-22,0.9251030061401051,0.38461538461538464,0.606625,0.42857142857142855,0.9781626755145902,0.0,0.0,0.0,0.08362088255520374,0.2248863279873609,0.6914927894574353,0.0,0.9212415683211682,0.2,0.3333333333333333,0.0,0.2727272727272727,0.0,0.0,0.0,0.0,0.0,0.0,0.0,0.0,0.0,0.0,1.0,1.0,0.0,0.0,0.0,0.0,0.0
2025-06-23,0.967163534533139,0.3076923076923077,1.8577499999999998,0.42857142857142855,0.9775918220050036,0.9692518030513638,0.0,0.7249360785896919,0.08362088255520374,0.2248863279873609,0.6914927894574353,0.0,0.0,0.0,0.0,0.0,0.0,0.6711877414712396,0.0,1.0,0.5,1.0,1.0,0.0,0.0,0.0,0.0,0.0,0.0,0.0,0.0,1.0,0.0,0.0
2025-06-24,0.9532422864711699,0.38461538461538464,1.225125,0.42857142857142855,0.9843384773859436,0.0,0.0,0.0,0.7348408029608051,0.20505463415507502,0.06010456288411988,0.0,0.9060117431033616,0.2,0.3333333333333333,0.0,0.22727272727272727,0.0,0.0,0.0,0.0,0.0,0.0,0.0,0.0,0.0,0.0,1.0,1.0,0.0,0.0,0.0,0.0,0.0
2025-06-25,0.8996188115598983,0.15384615384615385,0.36225,0.2857142857142857,0.9564642154690493,0.0,0.2,0.0,0.7348408029608051,0.20505463415507502,0.06010456288411988,0.0,0.0,0.0,0.0,0.0,0.0,0.9163138199826525,1.0,0.0,0.5,1.0,1.0,0.0,0.0,0.0,0.0,0.0,0.0,0.0,1.0,0.0,0.0,0.0
2025-06-26,0.9507871525962306,0.38461538461538464,1.144375,0.7142857142857143,0.9701939352164521,0.6730307828699601,0.0,0.02435827416712179,0.1504300545560888,0.20962914594328538,0.6399407995006259,0.0,0.8549376800872659,0.2,0.3333333333333333,0.0,0.13636363636363635,0.45815690999132624,1.0,0.0,0.5,1.0,0.0,0.0,0.0,0.0,0.0,1.0,0.0,0.0,0.0,1.0,0.0,0.0
2025-06-27,0.9751483715297953,0.6153846153846154,2.419625,0.8571428571428571,0.986269418143483,0.0,0.6,0.0,0.10478322624244116,0.23904907990544555,0.6561676938521133,0.0,0.761132834939874,0.4,0.3333333333333333,0.0,0.03409090909090909,0.0,0.0,0.0,0.0,0.0,0.0,0.0,0.0,0.0,0.0,1.0,1.0,0.0,0.0,0.0,0.0,0.0
2025-06-28,0.9476289926084938,0.38461538461538464,1.0505,0.42857142857142855,0.9557704115433585,0.0,0.0,0.0,0.8115502440350336,0.11622806359822295,0.07222169236674353,0.0,0.9425975662124182,0.2,0.3333333333333333,0.0,0.36363636363636365,0.0,0.0,0.0,0.0,0.0,0.0,0.0,0.0,0.0,0.0,1.0,1.0,0.0,0.0,0.0,0.0,0.0
2025-06-29,0.9789339230885037,0.3076923076923077,2.762625,0.42857142857142855,0.9578659929442765,0.98729190677174,0.0,0.8823130175105199,0.8115502440350336,0.11622806359822295,0.07222169236674353,0.0,0.0,0.0,0.0,0.0,0.0,0.0,0.0,0.0,0.0,0.0,1.0,0.0,0.0,0.0,0.0,0.0,1.0,0.0,0.0,0.0,0.0,0.0
2025-06-30,0.9672099565428575,0.7692307692307693,1.8605,0.8571428571428571,0.9847357537524473,0.9324002390725359,0.0,0.2810400429991938,0.7144940230279304,0.22773276062569733,0.05777321634637234,0.0,0.0,0.0,0.0,0.0,0.0,1.0,1.0,1.0,1.0,1.0,1.0,0.0,0.0,0.0,0.0,0.0,0.0,0.0,0.0,1.0,0.0,0.0
2025-07-01,0.9303126191219815,0.38461538461538464,0.68275,0.5714285714285714,0.9858431129546162,0.0,0.0,0.0,0.875195944125174,0.07961389987882829,0.0451901559959977,0.0,0.0,0.0,0.0,0.0,0.0,0.9163138199826525,1.0,0.0,0.5,1.0,1.0,0.0,0.0,0.0,0.0,0.0,0.0,0.0,0.0,1.0,0.0,0.0
2025-07-02,0.9570418224373227,0.6153846153846154,1.3655,0.8571428571428571,0.9869070183210732,0.0,0.2,0.0,0.7976273928005874,0.09139371340464314,0.11097889379476938,0.0,0.0,0.0,0.0,0.0,0.0,0.9163138199826525,1.0,0.0,0.5,1.0,1.0,0.0,0.0,0.0,0.0,0.0,0.0,0.0,0.0,1.0,0.0,0.0
2025-07-03,0.9521672960515395,0.38461538461538464,1.188875,0.5714285714285714,0.9858431129546162,0.0,0.0,0.0,0.7976273928005874,0.09139371340464314,0.11097889379476938,0.0,0.0,0.0,0.0,0.0,0.0,0.9163138199826525,1.0,0.0,0.5,1.0,1.0,0.0,0.0,0.0,0.0,0.0,0.0,0.0,0.0,1.0,0.0,0.0
2025-07-04,0.9286834233887733,0.3076923076923077,0.657625,0.42857142857142855,0.9858431129546162,0.0,0.0,0.0,0.7976273928005874,0.09139371340464314,0.11097889379476938,0.0,0.0,0.0,0.0,0.0,0.0,0.9163138199826525,1.0,0.0,0.5,1.0,1.0,0.0,0.0,0.0,0.0,0.0,0.0,0.0,0.0,1.0,0.0,0.0
2025-07-05,0.9433960628679393,0.3076923076923077,0.9400000000000001,0.42857142857142855,0.9682848954021699,0.0,0.0,0.0,0.7901222693694098,0.08997612676871378,0.11990160386187634,0.0,0.6911651816679192,0.2,0.3333333333333333,0.0,0.045454545454545456,0.9163138199826525,1.0,0.0,0.5,1.0,0.0,0.0,0.0,0.0,0.0,1.0,0.0,0.0,0.0,1.0,0.0,0.0
2025-07-06,0.9248891379326917,0.38461538461538464,0.60375,0.2857142857142857,0.9682715903742846,0.8777592677541248,0.0,0.32318840579710145,0.7901222693694098,0.08997612676871378,0.11990160386187634,0.0,0.0,0.0,0.0,0.0,0.0,0.9163138199826525,1.0,0.0,0.5,1.0,1.0,0.0,0.0,0.0,0.0,0.0,0.0,0.0,0.0,1.0,0.0,0.0
2025-07-06,0.9248891379326917,0.38461538461538464,0.60375,0.2857142857142857,0.9682715903742846,0.8777592677541248,0.0,0.32318840579710145,0.7005730453912923,0.13847582263436808,0.1609511319743396,0.0,0.0,0.0,0.0,0.0,0.0,0.9163138199826525,1.0,0.0,0.5,1.0,1.0,0.0,0.0,0.0,0.0,0.0,0.0,0.0,0.0,1.0,0.0,0.0
2025-07-07,0.8846280742874628,0.07692307692307693,0.278625,0.14285714285714285,0.9502794719132804,0.0,0.0,0.0,0.0,0.0,0.0,1.0,0.6911651816679192,0.2,0.3333333333333333,0.0,0.045454545454545456,0.9163138199826525,1.0,0.0,0.5,1.0,0.0,0.0,0.0,0.0,0.0,1.0,0.0,0.0,0.0,1.0,0.0,0.0
2025-07-08,0.9527212136127345,0.3076923076923077,1.207375,0.5714285714285714,0.9502794719132804,0.0,0.2,0.0,0.0,0.0,0.0,1.0,0.0,0.0,0.0,0.0,0.0,0.9163138199826525,1.0,0.0,0.5,1.0,1.0,0.0,0.0,0.0,0.0,0.0,0.0,0.0,0.0,1.0,0.0,0.0
2025-07-09,0.9485700801392224,0.15384615384615385,1.077375,0.2857142857142857,0.9502794719132804,0.9503636427387641,0.0,0.7413853115210581,0.0,0.0,0.0,1.0,0.0,0.0,0.0,0.0,0.0,1.0,1.0,1.0,1.0,1.0,1.0,0.0,0.0,0.0,0.0,0.0,0.0,0.0,0.0,1.0,0.0,0.0
2025-07-10,0.8846280742874628,0.07692307692307693,0.278625,0.14285714285714285,0.9502794719132804,0.0,0.0,0.0,0.0,0.0,0.0,1.0,0.0,0.0,0.0,0.0,0.0,1.0,1.0,1.0,1.0,1.0,1.0,0.0,0.0,0.0,0.0,0.0,0.0,0.0,0.0,1.0,0.0,0.0
2025-07-11,0.9652690559422307,0.23076923076923078,1.749875,0.14285714285714285,0.0,0.0,0.0,0.0,0.0,0.0,0.0,1.0,0.9380696563926467,0.4,0.3333333333333333,0.0,0.17045454545454544,0.9163138199826525,1.0,0.0,0.5,1.0,0.0,0.0,0.0,0.0,0.0,1.0,0.0,0.0,0.0,1.0,0.0,0.0
2025-07-12,0.0,0.0,0.0,0.0,0.0,0.0,0.0,0.0,0.0,0.0,0.0,1.0,0.0,0.0,0.0,0.0,0.0,0.0,0.0,0.0,0.0,0.0,1.0,0.0,0.0,0.0,0.0,0.0,1.0,0.0,0.0,0.0,0.0,0.0
2025-07-13,0.9515980634996848,0.23076923076923078,1.5603333333333333,0.2857142857142857,0.0,0.0,0.2,0.0,0.0,0.0,0.0,1.0,0.6911651816679192,0.2,0.3333333333333333,0.0,0.045454545454545456,0.0,0.0,0.0,0.0,0.0,0.0,0.0,0.0,0.0,0.0,1.0,1.0,0.0,0.0,0.0,0.0,0.0
2025-07-14,0.9236635800041956,0.5384615384615384,0.7835000000000001,0.7142857142857143,0.9565023522743091,0.0,0.0,0.0,0.12173888168192844,0.8164611708785071,0.06179994743956446,0.0,0.9060117431033616,0.6,1.0,0.0,0.07575757575757576,0.0,0.0,0.0,0.0,0.0,0.0,0.0,0.0,0.0,1.0,0.0,1.0,0.0,0.0,0.0,0.0,0.0
2025-07-15,0.9088101063025515,0.5384615384615384,0.5753333333333334,0.42857142857142855,0.9544812617281015,0.0,0.0,0.0,0.031012373709952187,0.9437980617943089,0.025189564495738857,0.0,0.8549376800872659,0.4,0.3333333333333333,0.0,0.06818181818181818,0.0,0.0,0.0,0.0,0.0,0.0,0.0,1.0,0.0,0.0,0.0,1.0,0.0,0.0,0.0,0.0,0.0
2025-07-16,0.9213303643254988,0.46153846153846156,0.7446666666666667,0.5714285714285714,0.9130406291831227,0.9144173308281095,0.2,0.6481647269471799,0.6222242825975575,0.1992277638413661,0.1785479535610764,0.0,0.0,0.0,0.0,0.0,0.0,0.9163138199826525,0.0,1.0,0.5,1.0,1.0,0.0,0.0,0.0,0.0,0.0,0.0,0.0,1.0,0.0,0.0,0.0
2025-07-17,0.9129438588555541,0.3076923076923077,0.6248333333333334,0.5714285714285714,0.8355728338128809,0.9142723863039888,0.2,0.770338757001867,0.6222242825975575,0.1992277638413661,0.1785479535610764,0.0,0.0,0.0,0.0,0.0,0.0,0.9163138199826525,0.0,1.0,0.5,0.0,1.0,0.0,0.0,0.0,0.0,0.0,0.0,0.0,1.0,0.0,0.0,0.0
2025-07-18,0.9344636929394464,0.5384615384615384,1.0038333333333334,0.7142857142857143,0.9274396400149127,0.9142723863039888,0.2,0.4794952681388013,0.020019985298931953,0.9445794333505565,0.035400581350511426,0.0,0.8549376800872659,0.4,0.3333333333333333,0.0,0.06818181818181818,0.9163138199826525,0.0,1.0,0.5,0.0,0.0,0.0,1.0,0.0,0.0,0.0,0.0,0.0,1.0,0.0,0.0,0.0
2025-07-19,0.9122262308130198,0.46153846153846156,0.6158333333333333,0.42857142857142855,0.966534410708214,0.0,0.0,0.0,0.020019985298931953,0.9445794333505565,0.035400581350511426,0.0,0.0,0.0,0.0,0.0,0.0,0.6711877414712396,1.0,0.0,0.5,1.0,1.0,0.0,0.0,0.0,0.0,0.0,0.0,0.0,1.0,0.0,0.0,0.0
2025-07-20,0.8853496837323673,0.38461538461538464,0.37600000000000006,0.2857142857142857,0.9508887077340518,0.0,0.0,0.0,0.0061423766184891685,0.9813056080900056,0.012552015291505401,0.0,0.0,0.0,0.0,0.0,0.0,0.0,0.0,0.0,0.0,0.0,1.0,0.0,0.0,0.0,0.0,0.0,1.0,0.0,0.0,0.0,0.0,0.0
2025-07-21,0.832595606050964,0.3076923076923077,0.17683333333333331,0.5714285714285714,0.8477295620925974,0.0,0.0,0.0,0.024004885859144977,0.9271197054904303,0.04887540865042468,0.0,0.9141493017455485,0.2,0.3333333333333333,0.0,0.25,0.0,0.0,0.0,0.0,0.0,0.0,1.0,0.0,0.0,0.0,0.0,1.0,0.0,0.0,0.0,0.0,0.0
2025-07-22,0.8791806306636712,0.6923076923076923,0.3398333333333333,0.42857142857142855,0.9245138261958874,0.0,0.0,0.0,0.024004885859144977,0.9271197054904303,0.04887540865042468,0.0,0.0,0.0,0.0,0.0,0.0,0.6711877414712396,1.0,0.0,0.5,1.0,1.0,0.0,0.0,0.0,0.0,0.0,0.0,0.0,1.0,0.0,0.0,0.0
2025-07-23,0.8944873832465013,0.8461538461538461,0.44016666666666665,0.7142857142857143,0.8858788526861339,0.0,0.8,0.0,0.024004885859144977,0.9271197054904303,0.04887540865042468,0.0,0.0,0.0,0.0,0.0,0.0,0.0,0.0,0.0,0.0,0.0,1.0,0.0,0.0,0.0,0.0,0.0,1.0,0.0,0.0,0.0,0.0,0.0
2025-07-24,0.8698615744270255,0.6153846153846154,0.2938333333333334,0.7142857142857143,0.8305189502381847,0.666637497328455,0.6,0.12138400453771979,0.024004885859144977,0.9271197054904303,0.04887540865042468,0.0,0.0,0.0,0.0,0.0,0.0,0.6711877414712396,1.0,0.0,0.5,1.0,1.0,0.0,0.0,0.0,0.0,0.0,0.0,0.0,1.0,0.0,0.0,0.0
2025-07-25,0.8631191337120009,0.5384615384615384,0.2658333333333333,0.7142857142857143,0.8446954655109822,0.8076207574425742,0.0,0.4125391849529781,0.0,0.0,0.0,1.0,0.0,0.0,0.0,0.0,0.0,0.9163138199826525,1.0,0.0,0.5,1.0,1.0,0.0,0.0,0.0,0.0,0.0,0.0,0.0,1.0,0.0,0.0,0.0
2025-07-26,0.8221954899871211,0.23076923076923078,0.15616666666666665,0.2857142857142857,0.7756061551288724,0.8076207574425742,0.0,0.7022411953041623,0.0,0.0,0.0,1.0,0.0,0.0,0.0,0.0,0.0,0.9163138199826525,1.0,0.0,0.5,0.0,1.0,0.0,0.0,0.0,0.0,0.0,0.0,0.0,1.0,0.0,0.0,0.0
2025-07-27,0.8174275739478208,0.3076923076923077,0.14783333333333332,0.2857142857142857,0.8928445422811633,0.0,0.0,0.0,0.953185235377997,0.024664383908142025,0.02215038071386093,0.0,0.0,0.0,0.0,0.0,0.0,0.0,0.0,0.0,0.0,0.0,1.0,0.0,0.0,0.0,0.0,0.0,1.0,0.0,0.0,0.0,0.0,0.0
2025-07-28,0.922761408311019,0.6923076923076923,0.7681666666666668,0.5714285714285714,0.916117210678031,0.0,0.4,0.0,0.019187739730457946,0.9454557942591519,0.035356466010390136,0.0,0.0,0.0,0.0,0.0,0.0,0.0,0.0,0.0,0.0,0.0,1.0,0.0,0.0,0.0,0.0,0.0,1.0,0.0,0.0,0.0,0.0,0.0
2025-07-29,0.9049662923448664,0.5384615384615384,0.534,0.5714285714285714,0.9096217482695051,0.0,0.0,0.0,0.07883609168594584,0.4103466602009366,0.5108172481131177,0.0,0.9330660521207581,0.2,0.3333333333333333,0.0,0.3181818181818182,0.0,0.0,0.0,0.0,0.0,0.0,0.0,0.0,1.0,0.0,0.0,1.0,0.0,0.0,0.0,0.0,0.0
2025-07-30,0.6590034038478926,0.15384615384615385,0.03883333333333334,0.2857142857142857,0.5329967294065846,0.0,0.0,0.0,0.0,0.0,0.0,1.0,0.9060117431033616,0.6,1.0,0.0,0.07575757575757576,0.0,0.0,0.0,0.0,0.0,0.0,0.0,0.0,0.0,1.0,0.0,1.0,0.0,0.0,0.0,0.0,0.0
2025-07-31,0.8148968921301114,0.07692307692307693,0.14366666666666666,0.14285714285714285,0.8906528970734987,0.0,0.0,0.0,0.0,0.0,0.0,1.0,0.0,0.0,0.0,0.0,0.0,0.0,0.0,0.0,0.0,0.0,1.0,0.0,0.0,0.0,0.0,0.0,1.0,0.0,0.0,0.0,0.0,0.0
2025-08-01,0.9338617370167487,0.07692307692307693,0.9894999999999999,0.14285714285714285,0.0,0.0,0.2,0.0,0.0,0.0,0.0,1.0,0.0,0.0,0.0,0.0,0.0,0.0,0.0,0.0,0.0,0.0,1.0,0.0,0.0,0.0,0.0,0.0,1.0,0.0,0.0,0.0,0.0,0.0
2025-08-02,0.9419425222245091,0.15384615384615385,1.2074999999999998,0.2857142857142857,0.0,0.0,0.2,0.0,0.0,0.0,0.0,1.0,0.0,0.0,0.0,0.0,0.0,0.0,0.0,0.0,0.0,0.0,1.0,0.0,0.0,0.0,0.0,0.0,1.0,0.0,0.0,0.0,0.0,0.0
2025-08-03,0.8539141091865031,0.07692307692307693,0.23333333333333334,0.14285714285714285,0.0,0.87028906473642,0.0,1.0,0.0,0.0,0.0,1.0,0.9680085918588988,0.2,0.3333333333333333,1.0,0.5454545454545454,0.6711877414712396,1.0,0.0,0.5,1.0,0.0,0.0,0.0,1.0,0.0,0.0,0.0,0.0,0.0,0.0,0.0,1.0
2025-08-04,0.9031622577939854,0.38461538461538464,0.516,0.5714285714285714,0.9354573365248697,0.0,0.0,0.0,0.8029113217409136,0.1307551748554845,0.06633350340360208,0.0,0.0,0.0,0.0,0.0,0.0,0.0,0.0,0.0,0.0,0.0,1.0,0.0,0.0,0.0,0.0,0.0,1.0,0.0,0.0,0.0,0.0,0.0
2025-08-05,0.8774380259968726,0.3076923076923077,0.33049999999999996,0.42857142857142855,0.9424132559961426,0.44599327331326105,0.0,0.03277861825516894,0.8029113217409136,0.1307551748554845,0.06633350340360208,0.0,0.0,0.0,0.0,0.0,0.0,0.9163138199826525,1.0,0.0,0.5,1.0,1.0,0.0,0.0,0.0,0.0,0.0,0.0,0.0,0.0,0.0,0.0,1.0
2025-08-06,0.8700110067107946,0.3076923076923077,0.2945,0.2857142857142857,0.8419228990940291,0.0,0.0,0.0,0.0,0.0,0.0,1.0,0.9060117431033616,0.4,0.3333333333333333,0.0,0.11363636363636363,0.0,0.0,0.0,0.0,0.0,0.0,0.0,1.0,0.0,0.0,0.0,1.0,0.0,0.0,0.0,0.0,0.0
2025-08-07,0.9294230881717815,0.5384615384615384,0.8918333333333333,0.5714285714285714,0.9594925086082695,0.0,0.0,0.0,0.014592069841264701,0.9463706613612979,0.03903726879743741,0.0,0.9330660521207581,0.6,0.6666666666666666,0.0,0.10606060606060606,0.0,0.0,0.0,0.0,0.0,0.0,0.0,1.0,0.0,0.0,0.0,1.0,0.0,0.0,0.0,0.0,0.0
2025-08-08,0.8834810282524698,0.3076923076923077,0.3645,0.2857142857142857,0.9493107429842991,0.0,0.0,0.0,0.051118319981392095,0.8852924815578755,0.0635891984607324,0.0,0.0,0.0,0.0,0.0,0.0,0.45815690999132624,1.0,0.0,0.5,1.0,1.0,0.0,0.0,0.0,0.0,0.0,0.0,0.0,0.0,1.0,0.0,0.0
2025-08-09,0.8831755275239711,0.3076923076923077,0.36266666666666664,0.2857142857142857,0.9490526707326589,0.0,0.0,0.0,0.051118319981392095,0.8852924815578755,0.0635891984607324,0.0,0.0,0.0,0.0,0.0,0.0,0.45815690999132624,1.0,0.0,0.5,1.0,1.0,0.0,0.0,0.0,0.0,0.0,0.0,0.0,0.0,1.0,0.0,0.0
2025-08-10,0.976649727335211,0.3076923076923077,3.398333333333333,0.42857142857142855,0.9517507605926869,0.9851875415157993,0.0,0.8874448258950466,0.015348431443052805,0.9404905359885665,0.04416103256838066,0.0,0.0,0.0,0.0,0.0,0.0,0.9163138199826525,0.0,1.0,0.5,1.0,1.0,0.0,0.0,0.0,0.0,0.0,0.0,0.0,0.0,1.0,0.0,0.0
2025-08-11,0.9207976009268277,0.46153846153846156,0.7361666666666667,0.42857142857142855,0.9743181669448715,0.8058186086586554,0.0,0.14625311297260585,0.015348431443052805,0.9404905359885665,0.04416103256838066,0.0,0.0,0.0,0.0,0.0,0.0,0.45815690999132624,1.0,0.0,0.5,1.0,1.0,0.0,0.0,0.0,0.0,0.0,0.0,1.0,0.0,0.0,0.0,0.0
2025-08-11,0.9207976009268277,0.46153846153846156,0.7361666666666667,0.42857142857142855,0.9743181669448715,0.8058186086586554,0.0,0.14625311297260585,0.015348431443052805,0.9404905359885665,0.04416103256838066,0.0,0.0,0.0,0.0,0.0,0.0,0.45815690999132624,1.0,0.0,0.5,1.0,1.0,0.0,0.0,0.0,0.0,0.0,0.0,1.0,0.0,0.0,0.0,0.0
2025-08-12,0.9435400956541383,0.5384615384615384,1.2579999999999998,0.2857142857142857,0.9074953100425948,0.9508098720149554,0.0,0.8562533121356651,0.0,0.0,0.0,1.0,0.0,0.0,0.0,0.0,0.0,0.6711877414712396,0.0,1.0,0.5,1.0,1.0,0.0,0.0,0.0,0.0,0.0,0.0,0.0,0.0,1.0,0.0,0.0
2025-08-13,0.9718431941239286,0.38461538461538464,2.8848333333333334,0.42857142857142855,0.9482912972159291,0.9800324115444752,0.0,0.8761338032237564,0.015348431443052805,0.9404905359885665,0.04416103256838066,0.0,0.0,0.0,0.0,0.0,0.0,0.9602525677891275,1.0,1.0,1.0,1.0,1.0,0.0,0.0,0.0,0.0,0.0,0.0,0.0,0.0,1.0,0.0,0.0
2025-08-14,0.9196413571160643,0.5384615384615384,0.7181666666666667,0.42857142857142855,0.957590212633911,0.8842483308467239,0.0,0.39986075655604547,0.015348431443052805,0.9404905359885665,0.04416103256838066,0.0,0.0,0.0,0.0,0.0,0.0,0.45815690999132624,1.0,0.0,0.5,1.0,1.0,0.0,0.0,0.0,0.0,0.0,0.0,0.0,1.0,0.0,0.0,0.0
2025-08-15,0.9054204129435275,0.46153846153846156,0.5386666666666666,0.42857142857142855,0.957590212633911,0.8058186086586554,0.0,0.1998762376237624,0.015348431443052805,0.9404905359885665,0.04416103256838066,0.0,0.0,0.0,0.0,0.0,0.0,0.6711877414712396,1.0,0.0,1.0,1.0,1.0,0.0,0.0,0.0,0.0,0.0,0.0,0.0,0.0,1.0,0.0,0.0
2025-08-16,0.9554265793424301,0.46153846153846156,1.7378333333333336,0.5714285714285714,0.9563686875148256,0.9544858739133719,0.4,0.6817876666346984,0.015348431443052805,0.9404905359885665,0.04416103256838066,0.0,0.0,0.0,0.0,0.0,0.0,0.6711877414712396,0.0,1.0,0.5,1.0,1.0,0.0,0.0,0.0,0.0,0.0,0.0,0.0,0.0,1.0,0.0,0.0
2025-08-17,0.873460812000561,0.38461538461538464,0.3105,0.42857142857142855,0.9287305798786212,0.0,0.0,0.0,0.0449989024868072,0.8743071401602273,0.08069395735296556,0.0,0.8965426711588781,0.2,0.3333333333333333,0.0,0.20454545454545456,0.45815690999132624,1.0,0.0,0.5,1.0,0.0,1.0,0.0,0.0,0.0,0.0,0.0,0.0,0.0,0.0,0.0,1.0
2025-08-18,0.9102828933664069,0.5384615384615384,0.5923333333333333,0.42857142857142855,0.9398809840006791,0.0,0.4,0.0,0.8911801093833499,0.0588043161807799,0.05001557443587022,0.0,0.0,0.0,0.0,0.0,0.0,0.0,0.0,0.0,0.0,0.0,1.0,0.0,0.0,0.0,0.0,0.0,1.0,0.0,0.0,0.0,0.0,0.0
2025-08-19,0.9615727766893459,0.15384615384615385,2.082333333333333,0.2857142857142857,0.8668145851867625,0.9723618615823004,0.0,0.9482951816872099,0.8911801093833499,0.0588043161807799,0.05001557443587022,0.0,0.8038795515653303,0.4,0.3333333333333333,0.0,0.045454545454545456,0.9602525677891275,1.0,1.0,1.0,1.0,0.0,0.0,0.0,0.0,1.0,0.0,0.0,0.0,1.0,0.0,0.0,0.0
2025-08-20,0.8461042207438132,0.3076923076923077,0.21,0.42857142857142855,0.8762760591196371,0.0,0.2,0.0,0.8911801093833499,0.0588043161807799,0.05001557443587022,0.0,0.0,0.0,0.0,0.0,0.0,0.0,0.0,0.0,0.0,0.0,1.0,0.0,0.0,0.0,0.0,0.0,1.0,0.0,0.0,0.0,0.0,0.0
2025-08-21,0.8817592516198925,0.23076923076923078,0.3543333333333333,0.2857142857142857,0.9478559167984342,0.0,0.0,0.0,0.8911801093833499,0.0588043161807799,0.05001557443587022,0.0,0.0,0.0,0.0,0.0,0.0,0.2890648263178878,1.0,0.0,0.5,1.0,1.0,0.0,0.0,0.0,0.0,0.0,0.0,0.0,0.0,0.0,1.0,0.0
2025-08-22,0.9363399893438752,0.8461538461538461,1.0503333333333333,0.5714285714285714,0.9498214208224732,0.8979880011577545,0.8,0.341796255157093,0.8911801093833499,0.0588043161807799,0.05001557443587022,0.0,0.0,0.0,0.0,0.0,0.0,0.45815690999132624,0.0,1.0,0.5,1.0,1.0,0.0,0.0,0.0,0.0,0.0,0.0,0.0,1.0,0.0,0.0,0.0
2025-08-23,0.886345158263191,0.46153846153846156,0.38233333333333336,0.5714285714285714,0.9017986478145064,0.0,0.2,0.0,0.8911801093833499,0.0588043161807799,0.05001557443587022,0.0,0.0,0.0,0.0,0.0,0.0,0.0,0.0,0.0,0.0,0.0,1.0,0.0,0.0,0.0,0.0,0.0,1.0,0.0,0.0,0.0,0.0,0.0
2025-08-24,0.872727789241384,0.46153846153846156,0.307,0.42857142857142855,0.8480992402310034,0.0,0.0,0.0,0.0,0.0,0.0,1.0,0.9060117431033616,0.6,0.6666666666666666,0.0,0.07575757575757576,0.0,0.0,0.0,0.0,0.0,0.0,0.0,1.0,0.0,0.0,0.0,1.0,0.0,0.0,0.0,0.0,0.0
2025-08-25,0.8767344839249316,0.3076923076923077,0.3268333333333333,0.2857142857142857,0.943605274344309,0.0,0.0,0.0,0.015348431443052805,0.9404905359885665,0.04416103256838066,0.0,0.0,0.0,0.0,0.0,0.0,0.0,0.0,0.0,0.0,0.0,1.0,0.0,0.0,0.0,0.0,0.0,1.0,0.0,0.0,0.0,0.0,0.0
2025-08-26,0.9405900520791006,0.15384615384615385,1.1668333333333334,0.2857142857142857,0.9328123276608838,0.9434277990169079,0.0,0.7691758320239965,0.015348431443052805,0.9404905359885665,0.04416103256838066,0.0,0.0,0.0,0.0,0.0,0.0,0.0,0.0,0.0,0.0,0.0,1.0,0.0,0.0,0.0,0.0,0.0,1.0,0.0,0.0,0.0,0.0,0.0
2025-08-27,0.940408028606196,0.46153846153846156,1.1615,0.42857142857142855,0.938906013784283,0.9417149251080266,0.0,0.7418567943750898,0.015348431443052805,0.9404905359885665,0.04416103256838066,0.0,0.0,0.0,0.0,0.0,0.0,0.6711877414712396,1.0,0.0,1.0,1.0,1.0,0.0,0.0,0.0,0.0,0.0,0.0,1.0,0.0,0.0,0.0,0.0
2025-08-28,0.9159343818729673,0.6153846153846154,0.6643333333333333,0.42857142857142855,0.9510449784032335,0.8842483308467239,0.0,0.43226292022077273,0.015348431443052805,0.9404905359885665,0.04416103256838066,0.0,0.0,0.0,0.0,0.0,0.0,0.8115075629572489,1.0,0.0,1.0,1.0,1.0,0.0,0.0,0.0,0.0,0.0,0.0,0.0,1.0,0.0,0.0,0.0
2025-08-29,0.9121993773249534,0.46153846153846156,0.6155,0.42857142857142855,0.9698922293870003,0.0,0.0,0.0,0.015348431443052805,0.9404905359885665,0.04416103256838066,0.0,0.0,0.0,0.0,0.0,0.0,0.0,0.0,0.0,0.0,0.0,1.0,0.0,0.0,0.0,0.0,0.0,1.0,0.0,0.0,0.0,0.0,0.0
2025-08-30,0.9064384179763488,0.46153846153846156,0.5493333333333333,0.5714285714285714,0.9606247342303993,0.0,0.2,0.0,0.015348431443052805,0.9404905359885665,0.04416103256838066,0.0,0.0,0.0,0.0,0.0,0.0,0.0,0.0,0.0,0.0,0.0,1.0,0.0,0.0,0.0,0.0,0.0,1.0,0.0,0.0,0.0,0.0,0.0
2025-08-31,0.9356271076001508,0.46153846153846156,1.0323333333333333,0.42857142857142855,0.9544610496621352,0.0,0.0,0.0,0.767326408922082,0.16151259415778474,0.07116099692013338,0.0,0.9703052254406813,0.4,0.6666666666666666,0.0,0.2840909090909091,0.0,0.0,0.0,0.0,0.0,0.0,0.0,1.0,0.0,0.0,0.0,1.0,0.0,0.0,0.0,0.0,0.0
2025-09-01,0.959429505590224,0.38461538461538464,1.9528333333333332,0.5714285714285714,0.9505063248804708,0.9641119449165859,0.2,0.7905607237347444,0.767326408922082,0.16151259415778474,0.07116099692013338,0.0,0.0,0.0,0.0,0.0,0.0,0.6711877414712396,0.0,1.0,0.5,1.0,1.0,0.0,0.0,0.0,0.0,0.0,0.0,0.0,0.0,1.0,0.0,0.0
2025-09-02,0.9057734496179156,0.6153846153846154,0.5423333333333333,0.42857142857142855,0.9515756231158641,0.0,0.0,0.0,0.8235680669245128,0.14959691045978624,0.026835022615700827,0.0,0.8717798633407456,0.6,1.0,0.0,0.05303030303030303,0.0,0.0,0.0,0.0,0.0,0.0,0.0,0.0,1.0,0.0,0.0,1.0,0.0,0.0,0.0,0.0,0.0
2025-09-03,0.87579002614217,0.15384615384615385,0.322,0.2857142857142857,0.9428054947561203,0.0,0.0,0.0,0.8235680669245128,0.14959691045978624,0.026835022615700827,0.0,0.0,0.0,0.0,0.0,0.0,0.0,0.0,0.0,0.0,0.0,1.0,0.0,0.0,0.0,0.0,0.0,1.0,0.0,0.0,0.0,0.0,0.0
2025-09-04,0.9087511388057732,0.23076923076923078,0.5746666666666668,0.42857142857142855,0.9436325527062439,0.8744224266379653,0.0,0.43097447795823657,0.8235680669245128,0.14959691045978624,0.026835022615700827,0.0,0.0,0.0,0.0,0.0,0.0,0.45815690999132624,1.0,0.0,0.5,1.0,1.0,0.0,0.0,0.0,0.0,0.0,0.0,0.0,0.0,1.0,0.0,0.0
2025-09-05,0.894423443048523,0.15384615384615385,0.4396666666666667,0.2857142857142857,0.958536810590042,0.0,0.0,0.0,0.8807865473448968,0.07323701374616924,0.045976438908933985,0.0,0.5481604781084608,0.2,0.3333333333333333,0.0,0.022727272727272728,0.45815690999132624,1.0,0.0,0.5,1.0,0.0,1.0,0.0,0.0,0.0,0.0,0.0,0.0,0.0,1.0,0.0,0.0
2025-09-06,0.9009992056381494,0.3076923076923077,0.4955,0.5714285714285714,0.958536810590042,0.6441477953755077,0.2,0.06256306760847628,0.8807865473448968,0.07323701374616924,0.045976438908933985,0.0,0.0,0.0,0.0,0.0,0.0,0.45815690999132624,1.0,0.0,0.5,1.0,1.0,0.0,0.0,0.0,0.0,0.0,0.0,0.0,0.0,1.0,0.0,0.0
2025-09-07,0.8898951371855872,0.23076923076923078,0.4061666666666667,0.2857142857142857,0.9547228947983538,0.0,0.0,0.0,0.8807865473448968,0.07323701374616924,0.045976438908933985,0.0,0.0,0.0,0.0,0.0,0.0,0.45815690999132624,1.0,0.0,0.5,1.0,1.0,0.0,0.0,0.0,0.0,0.0,0.0,0.0,0.0,1.0,0.0,0.0
2025-09-08,0.8914604222385913,0.3076923076923077,0.41733333333333333,0.42857142857142855,0.9545821463138155,0.0,0.0,0.0,0.8897885526876644,0.0704849108188939,0.03972653649344161,0.0,0.8038795515653303,0.6,0.6666666666666666,0.125,0.0303030303030303,0.6711877414712396,1.0,0.0,0.5,1.0,0.0,1.0,0.0,0.0,0.0,0.0,0.0,0.0,0.0,0.0,0.0,1.0
2025-09-09,0.9079759336997958,0.23076923076923078,0.5660000000000001,0.42857142857142855,0.9514437014261856,0.853509726907573,0.0,0.3283274440518257,0.8897885526876644,0.0704849108188939,0.03972653649344161,0.0,0.0,0.0,0.0,0.0,0.0,0.0,0.0,0.0,0.0,0.0,1.0,0.0,0.0,0.0,0.0,0.0,1.0,0.0,0.0,0.0,0.0,0.0
2025-09-10,0.9147404777284822,0.6923076923076923,0.6481666666666667,0.42857142857142855,0.9562152875845835,0.0,0.6,0.0,0.8897885526876644,0.0704849108188939,0.03972653649344161,0.0,0.6911651816679192,0.4,0.3333333333333333,0.0,0.022727272727272728,0.0,0.0,0.0,0.0,0.0,0.0,1.0,0.0,0.0,0.0,0.0,1.0,0.0,0.0,0.0,0.0,0.0
2025-09-11,0.8981882586360317,0.23076923076923078,0.4705,0.2857142857142857,0.8787806038790451,0.0,0.0,0.0,0.0,0.0,0.0,1.0,0.9467215708701252,0.4,0.6666666666666666,0.0,0.19318181818181818,0.45815690999132624,0.0,1.0,0.5,1.0,0.0,0.0,1.0,0.0,0.0,0.0,0.0,0.0,0.0,0.0,0.0,1.0
2025-09-12,0.9389824916158109,0.3076923076923077,1.1208333333333333,0.5714285714285714,0.9450243719000608,0.0,0.0,0.0,0.03324617488782826,0.9140599361368986,0.05269388897527309,0.0,0.927495776966136,0.2,0.3333333333333333,0.0,0.29545454545454547,0.0,0.0,0.0,0.0,0.0,0.0,0.0,0.0,0.0,0.0,1.0,1.0,0.0,0.0,0.0,0.0,0.0
2025-09-13,0.8956834733916071,0.38461538461538464,0.44966666666666666,0.42857142857142855,0.955181376534959,0.0,0.0,0.0,0.02065847309480069,0.8920831660477663,0.08725836085743302,0.0,0.9141493017455485,0.4,0.3333333333333333,0.0,0.125,0.2890648263178878,1.0,0.0,0.5,1.0,0.0,0.0,0.0,0.0,0.0,1.0,0.0,0.0,0.0,0.0,1.0,0.0
2025-09-14,0.9341221402465884,0.38461538461538464,0.9956666666666667,0.42857142857142855,0.9710208880992923,0.0,0.0,0.0,0.8295263546901163,0.10381253168110578,0.06666111362877788,0.0,0.9571934083149521,0.2,0.3333333333333333,0.0,0.45454545454545453,0.0,0.0,0.0,0.0,0.0,0.0,0.0,0.0,0.0,0.0,1.0,1.0,0.0,0.0,0.0,0.0,0.0
2025-09-15,0.9077492891169197,0.15384615384615385,0.5635,0.2857142857142857,0.9213735064064661,0.8948434168786045,0.0,0.6042590949423247,0.8295263546901163,0.10381253168110578,0.06666111362877788,0.0,0.0,0.0,0.0,0.0,0.0,0.45815690999132624,0.0,1.0,0.5,1.0,1.0,0.0,0.0,0.0,0.0,0.0,0.0,0.0,1.0,0.0,0.0,0.0
2025-09-16,0.925572390299279,0.46153846153846156,0.8173333333333335,0.42857142857142855,0.9642769589137024,0.0,0.0,0.0,0.7717824057241501,0.14002959005278745,0.08818800422306239,0.0,0.9425975662124182,0.4,0.3333333333333333,0.0,0.18181818181818182,0.0,0.0,0.0,0.0,0.0,0.0,0.0,0.0,0.0,0.0,1.0,1.0,0.0,0.0,0.0,0.0,0.0
2025-09-17,0.9331179936869765,0.23076923076923078,0.9721666666666666,0.2857142857142857,0.8452749915030365,0.0,0.0,0.0,0.0,0.0,0.0,1.0,0.9504991666626191,0.2,0.3333333333333333,0.0,0.4090909090909091,0.0,0.0,0.0,0.0,0.0,0.0,0.0,0.0,0.0,0.0,1.0,1.0,0.0,0.0,0.0,0.0,0.0
2025-09-18,0.9056614760182127,0.3076923076923077,0.5411666666666667,0.42857142857142855,0.9342608299853247,0.0,0.0,0.0,0.0,0.0,0.0,1.0,0.0,0.0,0.0,0.0,0.0,0.0,0.0,0.0,0.0,0.0,1.0,0.0,0.0,0.0,0.0,0.0,1.0,0.0,0.0,0.0,0.0,0.0
2025-09-19,0.8825862762166032,0.23076923076923078,0.3591666666666667,0.2857142857142857,0.9321596501484867,0.0,0.2,0.0,0.0,0.0,0.0,1.0,0.0,0.0,0.0,0.0,0.0,0.0,0.0,0.0,0.0,0.0,1.0,0.0,0.0,0.0,0.0,0.0,1.0,0.0,0.0,0.0,0.0,0.0
2025-09-20,0.8692211329894157,0.07692307692307693,0.29100000000000004,0.14285714285714285,0.9372355392681665,0.0,0.0,0.0,0.0,0.0,0.0,1.0,0.761132834939874,0.2,0.3333333333333333,0.0,0.06818181818181818,0.2890648263178878,1.0,0.0,0.5,1.0,0.0,0.0,0.0,0.0,0.0,1.0,0.0,0.0,0.0,1.0,0.0,0.0
2025-09-21,0.8927914664463481,0.15384615384615385,0.42716666666666664,0.2857142857142857,0.0,0.0,0.2,0.0,0.0,0.0,0.0,1.0,0.0,0.0,0.0,0.0,0.0,0.0,0.0,0.0,0.0,0.0,1.0,0.0,0.0,0.0,0.0,0.0,1.0,0.0,0.0,0.0,0.0,0.0
2025-09-22,0.9297786380239618,0.3076923076923077,0.8991666666666666,0.2857142857142857,0.9823277606559824,0.8235978562091282,0.0,0.14457831325301207,0.0,0.0,0.0,1.0,0.0,0.0,0.0,0.0,0.0,0.5781296526357756,1.0,0.0,1.0,1.0,1.0,0.0,0.0,0.0,0.0,0.0,0.0,1.0,0.0,0.0,0.0,0.0
2025-09-23,1.0,0.3076923076923077,8.517833333333334,0.5714285714285714,0.7870788080437274,0.0,0.4,0.0,0.0,0.0,0.0,1.0,0.0,0.0,0.0,0.0,0.0,0.0,0.0,0.0,0.0,0.0,1.0,0.0,0.0,0.0,0.0,0.0,1.0,0.0,0.0,0.0,0.0,0.0
2025-09-24,0.87579002614217,0.07692307692307693,0.322,0.14285714285714285,0.0,0.0,0.2,0.0,0.0,0.0,0.0,1.0,0.761132834939874,0.2,0.3333333333333333,0.0,0.06818181818181818,0.0,0.0,0.0,0.0,0.0,0.0,0.0,0.0,0.0,0.0,1.0,1.0,0.0,0.0,0.0,0.0,0.0
2025-09-25,0.8214573627783683,0.15384615384615385,0.15483333333333335,0.2857142857142857,0.7661888213431375,0.0,0.0,0.0,0.0,0.0,0.0,1.0,0.9800488747957017,0.6,0.6666666666666666,0.0,0.22727272727272727,0.0,0.0,0.0,0.0,0.0,0.0,0.0,0.0,0.0,1.0,0.0,1.0,0.0,0.0,0.0,0.0,0.0
2025-09-26,0.0,0.0,0.0,0.0,0.0,0.0,0.0,0.0,0.0,0.0,0.0,0.0,0.9571934083149521,0.2,0.3333333333333333,1.0,0.45454545454545453,0.0,0.0,0.0,0.0,0.0,0.0,0.0,0.0,0.0,1.0,0.0,1.0,0.0,0.0,0.0,0.0,0.0
